#cP2026  8 19  0  0  0.00000000      96 ORBIT IGc20 HLM  IGS
## 2432 259200.00000000   900.00000000 61271 0.0000000000000
+   32   G01G02G03G04G05G06G07G08G09G10G11G12G13G14G15G16G17
+        G18G19G20G21G22G23G24G25G26G27G28G29G30G31G32  0  0
+          0  0  0  0  0  0  0  0  0  0  0  0  0  0  0  0  0
+          0  0  0  0  0  0  0  0  0  0  0  0  0  0  0  0  0
+          0  0  0  0  0  0  0  0  0  0  0  0  0  0  0  0  0
++         2  2  1  1  1  1  2  1  1  1  2  1  2  1  1  1  1
++         2  2  2  1  1  1  2  1  1  1  2  1  2  1  1  0  0
++         0  0  0  0  0  0  0  0  0  0  0  0  0  0  0  0  0
++         0  0  0  0  0  0  0  0  0  0  0  0  0  0  0  0  0
++         0  0  0  0  0  0  0  0  0  0  0  0  0  0  0  0  0
%c G  cc GPS ccc cccc cccc cccc cccc ccccc ccccc ccccc ccccc
%c cc cc ccc ccc cccc cccc cccc cccc ccccc ccccc ccccc ccccc
%f  1.2500000  1.025000000  0.00000000000  0.000000000000000
%f  0.0000000  0.000000000  0.00000000000  0.000000000000000
%i    0    0    0    0      0      0      0      0         0
%i    0    0    0    0      0      0      0      0         0
/* FINAL ORBIT COMBINATION FROM WEIGHTED AVERAGE OF:        
/* cod emr esa gfz grg jgx jpl mit ngs sio                  
/* REFERENCED TO GPS CLOCK AND TO WEIGHTED MEAN POLE:       
/* PCV:IGS20_2425 OL/AL:FES2014b NONE     Y  ORB:CMB CLK:CMB
*  2026  8 19  0  0  0.00000000
PG01 -10315.841249 -14660.175519 -19636.529885    193.570628 11  9  9  80       
PG02  -1855.247475 -14917.104339 -21538.833958    159.731547  6  6  3  89       
PG03 -11607.184300 -23878.585364  -2022.730155    315.597874  8  5  6  87       
PG04  -4774.131959 -17313.854180  19533.472575     64.170873  7  2  4  63       
PG05   3329.210632  22393.429336  13695.779248   -236.094335  6  5  3  83       
PG06 -24331.371990   5482.464504   9416.310652   -547.380505  6  1  5  71       
PG07 -23294.759479  -7953.673935  11083.676331   -216.783670  7  6  8  69       
PG08   2648.933560 -23599.633288 -11583.775000    370.181493  6  5  4  77       
PG09 -13229.035168  -7145.293430  21786.808620    698.345481  3  6  4  80       
PG10  16126.828305   1149.508869 -20876.446324   -548.971234  5  7  4  85       
PG11 -14917.006121  12107.852723  18361.980900   -237.814725 10  7  4  91       
PG12   9450.576627  24652.199333  -3142.680243   -603.911825  3  6  7  57       
PG13  10375.292444  23834.898687  -5452.223848    430.870773  9  5  7  40       
PG14 -18083.060055  -4032.334861 -19033.158327    750.209814  5  7  3  86       
PG15    880.523825  23715.969113 -12470.956872    437.674127  3  5  4  67       
PG16   4248.287219 -19389.853823  17038.844836    318.415513  4  4  4  70       
PG17 -18798.903353   6097.417142 -17512.297555   -190.071496  5  5  5  80       
PG18  24545.551262   6368.459615   8452.450014   -276.959857  6  8  5  82       
PG19 -19182.383268  15455.982915  -9182.647606    704.689896  5  8  5  79       
PG20  -9850.026115  24252.396521  -4484.367391    264.077992  7  6  4  71       
PG21  -7530.097602  15460.937633  20232.843721    380.569458  6  4  6  99       
PG22 -14830.192523   3781.798674 -21367.961556     61.080675  8  6  5  98       
PG23  18533.628080  12269.030793 -14677.923495    680.602597  7  5  5  50       
PG24   4937.529705  15477.271189 -21609.213587    167.300963  5  5  5  75       
PG25  17353.230648  18881.610440   6997.864032    396.617446  5  7  6  81       
PG26  11718.454663 -10697.191786  21030.279502   -389.472929  4  6  2  68       
PG27  12065.715695 -23380.745641  -1185.631643      0.508125  4  4  3  65       
PG28  25176.444992  -5217.430131   6714.351576   -438.866977  9  5 11  75       
PG29  11692.950772   9834.483898  21689.512378   -259.765765  5  6  5  90       
PG30 -26592.145971   1463.692758  -1660.627103    334.794530  7  5  7  83       
PG31  19472.517994 -10025.843198  14924.840795   -127.168098  4  5  4  68       
PG32  18361.065906 -11661.378474 -14834.099841    224.058274  5  3  6  74       
*  2026  8 19  0 15  0.00000000
PG01  -8010.093824 -14654.788874 -20681.059305    193.562311 11  8  9  84       
PG02    667.469811 -15179.728882 -21372.485252    159.737872  6  5  3  97       
PG03 -11293.081907 -23634.477785  -4904.398022    315.579842  8  5  6  75       
PG04  -3576.936294 -19101.408669  18049.323449     64.171248  7  1  4  74       
PG05   2240.740998  21059.854719  15839.523627   -236.094476  6  5  2  80       
PG06 -25240.880580   5324.774342   6719.907641   -547.371706  6  1  6  25       
PG07 -21998.368486  -8186.796699  13416.803091   -216.786742  7  6  7  84       
PG08   3424.861223 -24532.485438  -9093.646689    370.172581  5  4  4  72       
PG09 -12082.643412  -9372.066291  21601.406722    698.338188  4  5  4  89       
PG10  17291.422740   3206.631999 -19743.266131   -548.965432  5  6  4  89       
PG11 -16910.523062  11929.340691  16659.395417   -237.803825 10  8  5  88       
PG12   8998.932616  24338.137214  -5931.461481   -603.911233  2  5  7  47       
PG13   9739.289227  23332.883753  -8162.089999    430.875183  9  5  7  49       
PG14 -19042.293968  -5918.564563 -17585.633301    750.209708  5  6  3 101       
PG15    264.856825  24794.271370 -10057.956277    437.677090  4  4  4  88       
PG16   5363.535610 -17568.146667  18629.535302    318.421222  3  4  3  90       
PG17 -17792.049556   4193.780579 -19002.811113   -190.076404  5  5  4  86       
PG18  23450.954811   6560.370423  11013.878878   -276.951826  6  8  5  87       
PG19 -18733.787877  14300.656009 -11701.702258    704.690276  5  8  5  84       
PG20 -10234.362989  24457.623252  -1655.372529    264.087062  7  6  4  82       
PG21  -8800.825193  13463.665535  21131.257062    380.563165  6  4  5  98       
PG22 -15885.308813   1526.889068 -20863.247182     61.088425  7  6  4 101       
PG23  19266.426747  13635.849275 -12385.614206    680.605940  6  5  5  69       
PG24   2592.105992  15814.093691 -21746.195356    167.316937  4  4  5  87       
PG25  17501.223950  19605.321843   4282.946897    396.614437  5  6  6  88       
PG26  13242.298077  -8748.903638  21063.554838   -389.474470  4  6  2  83       
PG27  12319.145117 -23174.023377   1674.247334      0.507695  4  4  2  63       
PG28  25797.604026  -5009.547433   3943.564149   -438.857417  9  5 11  68       
PG29  10333.875342  11896.809952  21328.974896   -259.759213  5  6  4  89       
PG30 -26657.055021   1162.494612   1132.077509    334.805935  7  5  7  78       
PG31  21094.171029  -9836.657974  12757.248426   -127.165611  5  5  4  79       
PG32  17647.159232  -9932.630148 -16807.436005    224.075723  5  3  6  80       
*  2026  8 19  0 30  0.00000000
PG01  -5608.380246 -14770.001659 -21370.622356    193.553923 10  7  8  83       
PG02   3138.536585 -15564.164757 -20824.074582    159.743955  6  4  4  90       
PG03 -10786.519208 -23142.760863  -7702.514643    315.561827  8  5  6  74       
PG04  -2561.453443 -20786.047178  16253.257324     64.171671  6  1  5  76       
PG05    939.643320  19606.396887  17707.165866   -236.095144  6  5  2  80       
PG06 -25847.381831   5198.868931   3909.105382   -547.362888  6  1  6  88       
PG07 -20473.532879  -8506.821285  15531.005769   -216.789624  6  5  7  84       
PG08   4048.044520 -25231.717051  -6443.943449    370.163654  5  4  3  64       
PG09 -11071.799843 -11617.749607  21040.346228    698.330922  4  5  4  87       
PG10  18485.882073   5066.541198 -18265.697441   -548.959614  4  6  4  82       
PG11 -18702.881441  11845.594779  14670.351979   -237.792898 10  8  5  80       
PG12   8374.771629  23782.792501  -8618.837786   -603.910540  2  5  6  50       
PG13   8898.102221  22626.646353 -10731.617808    430.879639  9  4  7  28       
PG14 -19991.063810  -7603.222306 -15836.401589    750.209650  5  6  3  85       
PG15   -228.022213  25634.216004  -7475.690670    437.679749  5  3  3  76       
PG16   6650.113807 -15663.203730  19884.848598    318.427486  4  4  2  80       
PG17 -16810.942074   2103.721879 -20159.116278   -190.080652  5  5  4 100       
PG18  22091.014351   6830.868846  13389.251361   -276.943823  5  7  5  68       
PG19 -18202.542491  12889.026495 -14013.682137    704.690772  5  9  4  74       
PG20 -10477.530155  24388.026236   1202.108976    264.096133  7  6  4  87       
PG21 -10220.095817  11469.067603  21665.925140    380.556879  6  4  5  94       
PG22 -17014.162816   -605.093916 -19987.420527     61.096010  7  6  4 104       
PG23  19915.955187  14738.048962  -9882.412193    680.609266  6  5  4  57       
PG24    267.305102  16266.890818 -21527.447749    167.332883  3  4  5  90       
PG25  17503.152554  20068.233305   1494.828025    396.611416  6  5  6  75       
PG26  14840.392552  -6889.471724  20726.672824   -389.476029  4  6  2  89       
PG27  12452.848914 -22681.074906   4504.405218      0.507264  4  4  2  68       
PG28  26113.388054  -4798.597824   1105.004314   -438.847763  8  5 11  63       
PG29   9112.466988  13973.993642  20599.723790   -259.752439  5  6  4  85       
PG30 -26426.030391    835.658934   3905.633132    334.817390  6  5  7  93       
PG31  22462.706266  -9716.449100  10369.619844   -127.162909  6  5  3  80       
PG32  16938.754663  -7977.224574 -18483.455431    224.093164  4  4  5  72       
*  2026  8 19  0 45  0.00000000
PG01  -3157.946908 -15013.671218 -21693.142340    193.545513 10  6  8  84       
PG02   5509.191580 -16054.021324 -19901.846443    159.750555  5  3  4  87       
PG03 -10064.074329 -22437.458468 -10369.700693    315.543761  8  5  6  77       
PG04  -1724.265856 -22321.698052  14175.915507     64.172107  6  1  5  59       
PG05   -569.705886  18079.411240  19265.775888   -236.095254  6  4  3  88       
PG06 -26141.316338   5065.853584   1031.726060   -547.354113  6  1  6  75       
PG07 -18752.874110  -8938.286451  17392.705869   -216.792942  6  5  7  59       
PG08   4542.593853 -25667.905583  -3680.748575    370.154750  4  4  3  63       
PG09 -10208.993045 -13834.179751  20113.227126    698.323628  4  5  5  80       
PG10  19668.237830   6703.956023 -16470.827839   -548.953775  4  6  3  71       
PG11 -20259.968350  11828.798488  12428.788947   -237.782035 10  8  5  87       
PG12   7556.982259  23018.672493 -11159.331920   -603.910023  2  4  6  60       
PG13   7838.340996  21753.508831 -13116.791499    430.884057  9  5  7  62       
PG14 -20890.480802  -9068.915841 -13816.234857    750.209632  5  6  3  75       
PG15   -625.046378  26208.214959  -4766.852598    437.682602  6  3  3  80       
PG16   8098.271626 -13723.357928  20782.590674    318.433405  3  5  2  81       
PG17 -15889.793123   -139.463371 -20959.495758   -190.085645  4  5  4  87       
PG18  20494.892455   7209.424666  15538.284342   -276.935824  5  7  5  80       
PG19 -17629.729880  11232.588125 -16078.455764    704.690786  6  8  4  78       
PG20 -10613.633450  24028.493493   4038.931761    264.105198  7  6  5  90       
PG21 -11766.370977   9521.113714  21827.765897    380.550567  5  4  5  91       
PG22 -18182.562501  -2577.897804 -18755.585784     61.103843  7  5  4  87       
PG23  20439.853168  15575.819915  -7211.278579    680.612560  5  5  4  47       
PG24  -1994.340574  16823.816108 -20955.401517    167.348835  3  4  6  91       
PG25  17327.287488  20287.372971  -1318.738943    396.608346  6  4  6  79       
PG26  16478.630191  -5151.575370  20026.889971   -389.477588  5  6  1  80       
PG27  12502.341431 -21893.554524   7254.357208      0.507693  4  4  1  78       
PG28  26122.579110  -4547.081058  -1752.546033   -438.838116  7  5 11  97       
PG29   8043.314569  16019.655957  19513.912595   -259.746220  5  5  4  85       
PG30 -25908.599434    449.079947   6613.223235    334.828864  6  5  7  68       
PG31  23555.108703  -9632.709157   7803.894599   -127.160650  6  5  3  74       
PG32  16272.990967  -5824.433611 -19832.262772    224.110554  4  4  5  79       
*  2026  8 19  1  0  0.00000000
PG01   -707.230566 -15385.695019 -21642.819611    193.537211 10  5  8  81       
PG02   7734.400029 -16625.445070 -18621.122803    159.756682  6  2  5  87       
PG03  -9109.800046 -21557.772164 -12860.981154    315.525703  7  5  6  80       
PG04  -1053.815211 -23665.171718  11852.924562     64.172502  5  2  5  55       
PG05  -2274.039964  16525.200636  20487.823605   -236.095527  6  4  3  78       
PG06 -26122.178949   4886.250332  -1863.231283   -547.345288  5  2  6  68       
PG07 -16873.705649  -9499.706967  18972.401478   -216.796018  6  5  6  36       
PG08   4937.693825 -25818.744616   -852.523163    370.145824  4  4  2  63       
PG09  -9498.439253 -15972.489835  18836.093048    698.316370  4  4  5  73       
PG10  20794.154414   8102.447789 -14391.057563   -548.948026  4  5  2  65       
PG11 -21554.631983  11846.245354   9973.068131   -237.771161 10  8  5  77       
PG12   6531.412779  22083.124494 -13510.227223   -603.909467  2  4  6  22       
PG13   6554.527281  20754.150646 -15276.832454    430.888474  9  5  7  38       
PG14 -21700.585174 -10306.377586 -11560.331541    750.209543  5  6  4  85       
PG15   -957.439083  26495.574580  -1976.802582    437.685309  7  2  3  82       
PG16   9689.941431 -11795.705841  21307.329122    318.439088  3  5  2  79       
PG17 -15057.459160  -2495.989894 -21388.537424   -190.089763  4  4  3  95       
PG18  18698.163788   7719.844342  17424.389176   -276.927809  5  6  5  82       
PG19 -17054.988313   9351.322491 -17860.615492    704.691007  6  8  4  85       
PG20 -10679.597644  23372.314092   6806.375372    264.114293  7  6  5  83       
PG21 -13410.963776   7659.846191  21614.113579    380.544321  6  4  5  84       
PG22 -19351.609027  -4362.157824 -17189.438559     61.111424  6  5  4  98       
PG23  20797.925462  16158.148485  -4417.823204    680.615926  5  5  4  55       
PG24  -4152.808339  17466.055982 -20038.050112    167.364826  3  3  6  83       
PG25  16946.769244  20286.693797  -4110.027393    396.605355  6  3  6  75       
PG26  18118.794821  -3561.325053  18977.843626   -389.479176  4  5  1  68       
PG27  12504.892303 -20812.196789   9874.735669      0.507324  4  4  1  54       
PG28  25832.775326  -4218.438608  -4579.975747   -438.828446  7  5 11  98       
PG29   7132.921928  17986.377210  18089.937746   -259.739807  5  5  4  85       
PG30 -25122.055843    -28.860915   9209.316167    334.840274  5  5  6  50       
PG31  24356.547400  -9549.947690   5104.697335   -127.158266  6  5  2  79       
PG32  15682.266067  -3510.854947 -20829.886513    224.127962  3  4  4  84       
*  2026  8 19  1 15  0.00000000
PG01   1695.809667 -15877.963024 -21220.248108    193.528824 10  5  8  77       
PG02   9774.514287 -17248.069555 -17004.085387    159.763307  6  2  5  80       
PG03  -7915.982868 -20546.524585 -15134.497005    315.507642  7  5  6  82       
PG04   -531.023078 -24777.782459   9324.292600     64.172935  4  2  5  72       
PG05  -4151.509228  14988.245326  21351.701375   -236.095787  7  4  3  89       
PG06 -25798.502978   4621.693719  -4726.399954   -547.336497  5  2  6  72       
PG07 -14876.790924 -10202.807944  20245.015227   -216.798953  6  5  6  55       
PG08   5266.250792 -25670.007249   1990.789975    370.136887  4  3  2  31       
PG09  -8936.040664 -17984.864194  17231.149699    698.309090  3  4  5  73       
PG10  21818.668197   9254.799837 -12063.440154   -548.942279  4  5  2  36       
PG11 -22567.604716  11861.739194   7345.329710   -237.760295  9  8  5  81       
PG12   5291.560440  21016.857493 -15632.233714   -603.908705  2  4  6  45       
PG13   5049.491403  19671.006750 -17174.882270    430.892907  8  5  7  42       
PG14 -22381.902281 -11314.574654  -9107.683741    750.209502  5  5  4  77       
PG15  -1259.375246  26483.362594    847.119038    437.688103  7  2  3  88       
PG16  11399.333950  -9924.318589  21450.654095    318.445171  3  5  2  78       
PG17 -14336.273401  -4920.925111 -21437.517144   -190.094807  4  4  3  90       
PG18  16741.590394   8379.197766  19015.274023   -276.919767  5  6  5  88       
PG19 -16514.872489   7273.042023 -19330.073635    704.691153  6  8  5  80       
PG20 -10713.557930  22421.514034   9456.976606    264.123393  8  6  5 102       
PG21 -15119.017252   5919.988150  21028.756271    380.538078  6  4  5  82       
PG22 -20479.235679  -5936.383231 -15316.858545     61.119246  6  5  4  86       
PG23  20953.743721  16502.272478  -1549.544186    680.619266  5  5  3  45       
PG24  -6171.877635  18168.447354 -18788.927779    167.380815  3  3  6  86       
PG25  16340.722118  20095.973579  -6832.108304    396.602314  5  3  6  77       
PG26  19719.985830  -2137.470490  17599.205785   -389.480734  4  5  1  75       
PG27  12497.845894 -19446.979606  12318.285144      0.507964  4  4  1  50       
PG28  25260.064309  -3778.663262  -7328.686052   -438.818716  6  6 11  77       
PG29   6379.586709  19827.406148  16352.142976   -259.732869  5  4  4  81       
PG30 -24090.793129   -625.920623  11650.377661    334.851746  5  5  6  75       
PG31  24860.761898  -9431.241590   2318.541557   -127.155715  6  5  1  71       
PG32  15192.904772  -1079.156955 -21458.744704    224.145345  4  4  4  74       
*  2026  8 19  1 30  0.00000000
PG01   4005.343581 -16474.631883 -20432.423741    193.520442 10  4  8  81       
PG02  11596.722175 -17886.269770 -15079.388867    159.769705  6  2  5  86       
PG03  -6483.592291 -19448.490506 -17152.157503    315.489581  7  5  5  73       
PG04   -130.214537 -25626.812810   6633.719202     64.173298  4  3  5  59       
PG05  -6172.336320  13509.513785  21842.135526   -236.096132  7  4  4  69       
PG06 -25187.514359   4236.591327  -7508.865506   -547.327629  5  3  6  60       
PG07 -12805.002708 -11052.000799  21190.193474   -216.802083  6  4  5  47       
PG08   5563.374061 -25216.200085   4798.715008    370.127960  4  3  1  55       
PG09  -8509.683509 -19826.261069  15326.367648    698.301768  3  4  5  73       
PG10  22697.939134  10163.005889  -9528.961551   -548.936572  4  4  2  57       
PG11 -23288.132997  11837.144027   4590.775493   -237.749426  9  8  5  54       
PG12   3838.969071  19862.365982 -17490.084735   -603.908071  3  4  5  56       
PG13   3334.450280  18546.616491 -18778.615021    430.897321  8  6  7  67       
PG14 -22896.979713 -12100.509727  -6500.396474    750.209460  5  5  4  70       
PG15  -1566.497874  26167.010964   3656.352024    437.690693  8  2  3  73       
PG16  13193.864732  -8148.605589  21211.274210    318.451255  3  5  1  71       
PG17 -13741.149957  -7365.762034 -21104.646520   -190.098936  5  3  3  83       
PG18  14669.709692   9196.999179  20283.487081   -276.911702  5  5  5  95       
PG19 -16041.373079   5032.430276 -20462.534718    704.691488  5  8  5  83       
PG20 -10753.214932  21186.866717  11945.335747    264.132444  8  7  6  81       
PG21 -16850.729979   4329.766927  20081.863236    380.531761  6  3  5  81       
PG22 -21521.895680  -7287.614273 -13171.364180     61.126906  5  5  4  87       
PG23  20876.109592  16632.837778   1344.951008    680.622550  5  5  3  59       
PG24  -8020.306231  18900.340677 -17227.019985    167.396765  3  3  6  75       
PG25  15495.138344  19749.526764  -9439.580525    396.599215  5  2  6  81       
PG26  21240.141125   -890.917000  15916.233183   -389.482312  4  5  1  73       
PG27  12516.929238 -17816.909841  14540.830988      0.507551  4  4  1  65       
PG28  24428.381987  -3197.812385  -9951.423679   -438.809139  6  5 11  75       
PG29   5773.610260  21498.359720  14330.412591   -259.726592  5  4  4  76       
PG30 -22845.393266  -1364.771956  13895.544014    334.863162  5  5  6  64       
PG31  25070.130411  -9239.824400   -506.971500   -127.153245  6  4  2  56       
PG32  14824.090393   1423.424981 -21707.975900    224.162683  4  4  4  70       
*  2026  8 19  1 45  0.00000000
PG01   6179.241603 -17152.711839 -19292.643242    193.512021 10  4  8  83       
PG02  13176.213971 -18500.667341 -12881.611136    159.776345  6  3  5  74       
PG03  -4822.406468 -18308.677636 -18880.226323    315.471559  7  5  5  80       
PG04    179.690833 -26186.761191   3827.830835     64.173673  4  3  5  65       
PG05  -8299.795246  12124.923621  21950.477098   -236.096074  6  4  4  70       
PG06 -24314.467343   3699.685863 -10162.984095   -547.318867  4  3  6  68       
PG07 -10701.925210 -12044.114551  21792.558996   -216.805071  6  4  5  53       
PG08   5864.754749 -24460.874282   7521.221718    370.119012  4  3  1  48       
PG09  -8199.863453 -21456.034773  13154.977239    698.294438  2  3  5  69       
PG10  23390.946744  10837.916191  -6831.775201   -548.930814  4  4  1  67       
PG11 -23714.288223  11734.023362   1756.892214   -237.738568  9  8  5  66       
PG12   2183.324453  18662.314939 -19053.059293   -603.907361  3  4  5  67       
PG13   1428.764716  17421.986326 -20060.769744    430.901761  8  6  7  75       
PG14 -23211.848536 -12678.725263  -3782.971381    750.209359  4  5  4  61       
PG15  -1914.343059  25550.621175   6401.939946    437.693557  7  2  4  83       
PG16  15035.366010  -6501.901060  20594.950199    318.457122  3  5  1  72       
PG17 -13279.002873  -9780.159024 -20395.173717   -190.103809  6  2  3  76       
PG18  12529.284936  10174.674524  21206.892387   -276.903597  5  5  5  86       
PG19 -15660.652579   2669.824740 -21239.839798    704.691666  5  7  6  76       
PG20 -10834.217155  19687.578493  14228.883473    264.141549  8  7  6  85       
PG21 -18562.781920   2909.996732  18789.803800    380.525532  6  3  5  88       
PG22 -22436.324876  -8411.721597 -10791.443455     61.134713  5  4  4  88       
PG23  20540.326623  16580.790332   4216.732139    680.625853  5  5  3  59       
PG24  -9672.848293  19626.686530 -15376.599513    167.412766  4  3  6  70       
PG25  14403.505459  19284.778984 -11889.253741    396.596149  5  3  6  84       
PG26  22637.596723    175.438604  13959.229082   -389.483852  4  5  2  77       
PG27  12594.624801 -15949.434888  16502.193147      0.508036  4  4  1  65       
PG28  23368.581829  -2451.365739 -12403.091294   -438.799439  6  5 10  81       
PG29   5297.831582  22958.846263  12059.659603   -259.719790  5  4  4  85       
PG30 -21421.504971  -2261.975513  15907.249265    334.874566  5  5  6  58       
PG31  24995.424832  -8940.653860  -3323.945593   -127.150733  5  4  3  45       
PG32  14587.105679   3946.776936 -21573.627645    224.180043  4  4  3  78       
*  2026  8 19  2  0  0.00000000
PG01   8180.506873 -17882.945066 -17820.293849    193.503635 10  5  8  72       
PG02  14497.011950 -19049.819033 -10450.553911    159.782138  7  4  5  88       
PG03  -2950.811978 -17170.619785 -20289.836059    315.453555  7  5  4  75       
PG04    433.767555 -26440.321597    955.355745     64.174088  4  4  5  64       
PG05 -10491.475634  10864.015589  21674.864908   -236.096361  6  3  4  80       
PG06 -23211.685185   2985.458714 -12643.186691   -547.310124  4  3  6  75       
PG07  -8610.440953 -13168.389656  22041.918333   -216.808484  5  4  4  64       
PG08   6205.012558 -23416.575364  10109.709079    370.110075  5  3  1  59       
PG09  -7980.612281 -22839.392757  10754.865898    698.287232  2  3  5  75       
PG10  23861.067069  11298.554237  -4018.409777   -548.925096  4  4  1  70       
PG11 -23852.945089  11515.304352  -1107.371845   -237.727677  8  8  5  57       
PG12    342.247704  17457.944705 -20295.426737   -603.906610  3  4  5  77       
PG13   -640.614166  16335.028515 -20999.595711    430.906181  8  7  7  78       
PG14 -23297.355719 -13070.533886  -1001.566454    750.209255  4  5  4  82       
PG15  -2336.733604  24646.948337   9035.405811    437.696160  7  3  4  89       
PG16  16881.526342  -5010.330546  19614.274825    318.463101  3  6  1  80       
PG17 -12948.509463 -12113.773332 -19321.329965   -190.108760  6  2  3  73       
PG18  10367.673315  11305.337872  21769.070014   -276.895506  6  5  5  89       
PG19 -15392.043742    229.796565 -21650.182915    704.692196  5  7  6  88       
PG20 -10988.633320  17950.662124  16268.596174    264.150641  8  7  6  84       
PG21 -20209.905941   1673.454647  17174.861248    380.519270  6  3  5  82       
PG22 -23181.301851  -9313.336830  -8219.779287     61.142165  4  5  4  92       
PG23  19929.235815  16382.046136   7017.330101    680.629187  5  5  3  62       
PG24 -11111.075321  20309.315698 -13266.981297    167.428735  4  4  6  76       
PG25  13067.159909  18740.757756 -14140.778999    396.593070  5  3  6  82       
PG26  23872.621284   1066.554674  11762.932878   -389.485469  4  5  2  80       
PG27  12758.682692 -13879.502007  18167.017556      0.508054  4  4  1  80       
PG28  22117.250105  -1521.374581 -14641.521365   -438.789767  5  6 10  78       
PG29   4928.464978  24173.947284   9579.217190   -259.713349  5  4  4  64       
PG30 -19858.552617  -3327.182097  17651.800442    334.885976  5  5  6  51       
PG31  24655.268819  -8501.900073  -6084.962425   -127.148020  5  4  3  70       
PG32  14484.914187   6439.707920 -21058.699348    224.197357  5  3  4  76       
*  2026  8 19  2 15  0.00000000
PG01   9978.512470 -18630.942670 -16040.536079    193.495282  9  5  7  73       
PG02  15552.422976 -19492.010752  -7830.413528    159.788825  7  5  5  75       
PG03   -895.286604 -16074.743652 -21357.426573    315.435606  6  5  4  58       
PG04    669.508933 -26379.054648  -1933.745875     64.174482  4  4  5  55       
PG05 -12700.781541   9748.894842  21020.257166   -236.096763  5  3  4  70       
PG06 -21917.340383   2075.320228 -14906.756342   -547.301364  4  4  6  92       
PG07  -6571.344853 -14406.735226  21933.423653   -216.811381  5  3  4  52       
PG08   6616.083531 -22104.430196  12517.967643    370.101137  4  4  2  53       
PG09  -7820.687423 -23948.629791   8167.890258    698.279903  2  3  5  78       
PG10  24077.474052  11571.138330  -1136.964692   -548.919367  4  5  1  69       
PG11 -23719.426958  11146.900723  -3952.462275   -237.716795  7  8  4  38       
PG12  -1659.202782  16287.552383 -21196.811641   -603.905983  4  4  4  58       
PG13  -2839.987985  15319.134611 -21579.204573    430.910607  7  7  7  70       
PG14 -23130.320419 -13303.006912   1796.757294    750.209196  4  4  4  64       
PG15  -2864.206603  23477.052320  11509.663748    437.699156  7  3  4  92       
PG16  18687.491537  -3691.999673  18288.312453    318.468995  3  5  2  78       
PG17 -12740.231539 -14318.109416 -17902.119523   -190.113079  6  3  3  89       
PG18   8231.170570  12573.888880  21959.632763   -276.887406  6  5  6  80       
PG19 -15247.344110  -2240.412270 -21688.203297    704.692386  5  6  7  86       
PG20 -11243.573175  16010.022674  18029.648555    264.159699  8  7  6  84       
PG21 -21746.544878    624.572751  15264.846842    380.512914  6  4  5  77       
PG22 -23719.328563 -10005.420497  -5502.391228     61.150086  4  5  4  83       
PG23  19033.978346  16075.989036   9699.508384    680.632518  5  5  3  73       
PG24 -12323.965090  20908.374538 -10932.189353    167.444699  5  5  6  60       
PG25  11495.359507  18156.553556 -16157.223324    396.590042  5  4  6  80       
PG26  24908.867226   1794.788468   9365.853631   -389.487070  3  5  2  79       
PG27  13030.841068 -11648.304974  19505.500057      0.508553  4  4  1  75       
PG28  20715.312973   -397.356927 -16628.200279   -438.780052  5  5 10  80       
PG29   4636.208384  25115.498164   6932.144376   -259.706748  5  4  4  60       
PG30 -18198.321925  -4562.593183  19099.895543    334.897364  5  5  6  65       
PG31  24075.324596  -7896.301379  -8743.825154   -127.145625  6  3  4  50       
PG32  14512.097549   8851.788147 -20173.040866    224.214697  5  3  3  81       
*  2026  8 19  2 30  0.00000000
PG01  11549.995757 -19358.537198 -13983.883804    193.486940  9  6  7  68       
PG02  16345.093885 -19787.073389  -5068.847467    159.795149  7  5  5  72       
PG03   1310.415323 -15056.867257 -22065.103504    315.417628  6  5  3  87       
PG04    925.151514 -26003.721690  -4789.179178     64.174876  5  5  5  70       
PG05 -14878.604144   8793.482131  19998.331152   -236.096881  5  3  5  73       
PG06 -20474.019085    958.539359 -16914.565565   -547.292639  4  4  6  95       
PG07  -4622.027511 -15734.244005  21467.687493   -216.814572  4  3  3  73       
PG08   7125.720782 -20553.386689  14703.094587    370.092189  4  4  2  58       
PG09  -7684.975165 -24764.090817   5439.117443    698.272586  2  2  5  82       
PG10  24016.317382  11687.851622   1763.693090   -548.913618  4  4  1  70       
PG11 -23336.831056  10599.229456  -6729.090279   -237.705904  7  7  4  64       
PG12  -3789.300745  15185.102537 -21742.477648   -603.905342  4  5  4  72       
PG13  -5130.011616  14401.937047 -21789.824905    430.915042  7  7  7  82       
PG14 -22694.473802 -13407.760818   4564.791995    750.209135  4  4  4  69       
PG15  -3522.542914  22069.617860  13779.946892    437.701816  6  3  4  77       
PG16  20407.555384  -2556.530926  16642.115500    318.475180  2  5  2  80       
PG17 -12637.091121 -16348.301166 -16162.956333   -190.117816  6  3  4  81       
PG18   6163.392862  13957.431859  21774.451896   -276.879329  6  5  6  80       
PG19 -15230.426737  -4692.530574 -21354.959829    704.692738  6  6  7  96       
PG20 -11620.009429  13905.291007  19481.993620    264.168785  8  7  7  80       
PG21 -23128.530825   -240.542987  13092.620665    380.506615  6  4  5  83       
PG22 -24018.159236 -10508.490324  -2687.717602     61.157686  4  5  4  88       
PG23  17854.458616  15703.851662  12218.012767    680.635895  5  5  3  82       
PG24 -13308.229549  21383.869609  -8410.530155    167.460700  6  6  7  58       
PG25   9705.076499  17569.804568 -17905.586121    396.586994  5  4  6  79       
PG26  25714.685465   2379.162510   6809.563080   -389.488661  3  4  3  74       
PG27  13425.813574  -9301.773311  20493.981554      0.508391  4  4  1  75       
PG28  19206.488864    923.096479 -18328.930341   -438.770363  5  5  9  79       
PG29   4387.577995  25763.115927   4164.459039   -259.699925  4  4  4  52       
PG30 -16483.472317  -5962.698511  20227.079359    334.908734  5  5  6  70       
PG31  23287.242870  -7102.341455 -11256.264709   -127.143003  6  3  5  66       
PG32  14655.147924  11135.147173 -18933.112366    224.232035  6  3  3  68       
*  2026  8 19  2 45  0.00000000
PG01  12879.770940 -20025.298705 -11685.687835    193.478545  9  6  7  47       
PG02  16886.669843 -19898.136057  -2215.966269    159.801485  6  5  5  73       
PG03   3626.345580 -14146.883023 -22400.913872    315.399646  6  5  3  62       
PG04   1237.967604 -25324.267461  -7561.221244     64.175237  5  5  5  62       
PG05 -16975.100348   8003.104399  18627.253752   -236.097112  4  4  5  72       
PG06 -18927.122841   -367.125397 -18631.761096   -547.283876  4  4  5  79       
PG07  -2795.268740 -17119.952948  20650.847187   -216.817553  4  3  3  80       
PG08   7756.175324 -18799.138421  16626.336592    370.083228  4  4  3  65       
PG09  -7536.049770 -25274.825331   2616.011221    698.265268  3  2  4  66       
PG10  23661.638470  11685.411599   4634.719229   -548.907921  5  4  1  75       
PG11 -22735.059250   9848.559922  -9389.104327   -237.694998  6  7  4  76       
PG12  -6010.664074  14179.014771 -21923.529685   -603.904844  5  5  4  73       
PG13  -7467.009813  13604.304823 -21627.956147    430.919507  7  8  7  88       
PG14 -21981.150102 -13419.587715   7255.932388    750.209053  4  4  4  51       
PG15  -4331.465849  20459.960513  15804.728136    437.704384  5  3  4  82       
PG16  21996.867628  -1604.957489  14706.137530    318.480908  2  5  2  78       
PG17 -12615.180176 -18164.749653 -14135.156130   -190.122924  6  3  4  70       
PG18   4203.756378  15426.005265  21215.785083   -276.871264  6  5  6  81       
PG19 -15337.173910  -7078.914249 -20657.796440    704.693163  6  5  7  88       
PG20 -12131.845545  11680.449317  20600.861433    264.177868  7  7  6  89       
PG21 -24314.722495   -933.768873  10695.527446    380.500369  6  4  5  83       
PG22 -24052.113468 -10849.548317    174.336742     61.165209  3  5  4  81       
PG23  16399.491197  15307.038438  14530.290383    680.639221  5  5  3  86       
PG24 -14068.360097  21697.268349  -5744.068613    167.476709  7  7  7  66       
PG25   7720.521618  17015.256202 -19357.255906    396.583968  5  4  6  78       
PG26  26264.257920   2844.388500   4137.962673   -389.490289  3  4  3  68       
PG27  13950.589485  -6888.871970  21115.398048      0.508487  4  4  1  77       
PG28  17635.645641   2434.029810 -19714.418364   -438.760664  4  5  9  78       
PG29   4146.415167  26104.932330   1324.313261   -259.693573  4  4  4  67       
PG30 -14756.028021  -7514.300687  21014.132461    334.920231  5  5  5  67       
PG31  22327.416823  -6105.208413 -13580.602525   -127.140691  6  4  5  62       
PG32  14893.099134  13246.158098 -17361.614891    224.249332  6  4  3  78       
*  2026  8 19  3  0  0.00000000
PG01  13961.131701 -20590.155541  -9185.531140    193.470199  9  7  6  69       
PG02  17197.076297 -19793.236549    676.716940    159.807717  6  5  5  70       
PG03   6007.674413 -13367.672017 -22359.036210    315.381689  6  5  2  76       
PG04   1642.595707 -24359.451367 -10201.618274     64.175628  6  5  5  68       
PG05 -18941.505160   7374.439699  16931.328794   -236.097361  4  3  5  77       
PG06 -17323.167642  -1895.120970 -20028.383540   -547.275071  4  4  5  84       
PG07  -1118.180635 -18527.830644  19494.574258   -216.820722  5  3  3  78       
PG08   8523.115651 -16882.781332  18253.838206    370.074304  4  4  3  76       
PG09  -7335.824770 -25478.908990   -252.420216    698.258023  3  2  4  75       
PG10  23005.996679  11603.495055   7428.059292   -548.902201  5  4  1  62       
PG11 -21949.592145   8878.140584 -11886.344965   -237.684055  6  7  4  86       
PG12  -8281.473117  13291.169261 -21737.034317   -603.904209  5  5  3  80       
PG13  -9804.460717  12939.610308 -21096.420311    430.923949  6  8  6  84       
PG14 -20989.705578 -13374.980584   9824.909719    750.209027  3  4  4  76       
PG15  -5303.572242  18688.750825  17546.607646    437.707309  3  3  4  74       
PG16  23413.089087   -829.967116  12515.564092    318.486898  2  5  2  71       
PG17 -12644.867772 -19734.544750 -11855.297987   -190.127442  6  3  4  69       
PG18   2386.112797  16943.598649  20292.300685   -276.863208  5  5  7  72       
PG19 -15555.728009  -9354.155323 -19610.108495    704.693450  6  5  7  83       
PG20 -12785.264719   9382.300643  21367.169433    264.186934  7  6  6  93       
PG21 -25268.538117  -1474.308979   8114.756882    380.494070  5  4  5  82       
PG22 -23803.120764 -11060.757913   3033.361956     61.173008  3  5  4  74       
PG23  14686.626034  14925.451468  16597.169578    680.642540  5  6  2  76       
PG24 -14616.377846  21813.096646  -2978.005409    167.492716  7  7  6  72       
PG25   5572.417471  16523.442984 -20488.406365    396.580954  5  5  6  82       
PG26  26538.510248   3219.691161   1396.537766   -389.491940  3  4  3  41       
PG27  14604.076541  -4459.788202  21359.574896      0.508205  4  4  1  82       
PG28  16047.125674   4121.155709 -20760.780799   -438.750931  4  5  8  86       
PG29   3875.504244  26138.002556  -1538.872416   -259.687151  4  5  3  62       
PG30 -13055.900784  -9196.827225  21447.388856    334.931630  4  4  4  65       
PG31  21235.586690  -4897.505076 -15678.364734   -127.138236  5  4  5  61       
PG32  15198.465480  15146.940419 -15487.004288    224.266631  6  4  3  61       
*  2026  8 19  3 15  0.00000000
PG01  14795.927757 -21013.056432  -6526.545792    193.461746  9  7  6 103       
PG02  17303.463508 -19446.717469   3557.346651    159.814316  5  5  4  80       
PG03   8406.186667 -12734.287945 -21939.883045    315.363696  6  5  2  58       
PG04   2169.477273 -23136.142025 -12664.454925     64.176050  6  6  5  75       
PG05 -20731.904639   6895.816325  14940.530035   -236.097546  3  3  5  72       
PG06 -15708.044754  -3610.135653 -21079.910040   -547.266277  4  4  5  89       
PG07    388.663118 -19917.966055  18016.022657   -216.823831  5  3  3  78       
PG08   9434.833164 -14849.262061  19557.276846    370.065379  4  4  3  69       
PG09  -7047.229401 -25383.421829  -3116.497675    698.250732  4  2  5  74       
PG10  22050.788615  11483.077648  10097.184910   -548.896456  5  3  1  72       
PG11 -21020.054808   7679.057026 -14177.466166   -237.673110  5  6  4  78       
PG12 -10556.852643  12536.163839 -21186.058251   -603.903375  5  6  3  85       
PG13 -12094.591098  12413.294052 -20204.311138    430.928412  6  8  6  88       
PG14 -19727.651436 -13310.607032  12228.501771    750.208968  3  3  4  76       
PG15  -6443.551101  16800.504142  18973.139425    437.710031  2  3  3  85       
PG16  24617.929350   -216.474493  10109.582604    318.492731  2  5  3  74       
PG17 -12692.153961 -21032.609516  -9364.473798   -190.132096  5  3  4  70       
PG18    737.594142  18469.422673  19018.993717   -276.855132  5  5  7  79       
PG19 -15867.042092 -11476.586074 -18231.021048    704.693651  6  5  7  85       
PG20 -13578.384664   7058.839877  21767.838412    264.196028  6  6  6  90       
PG21 -25959.325270  -1887.756073   5394.639192    380.487818  5  4  5  88       
PG22 -23261.457160 -11177.932369   5839.390138     61.180779  3  5  5  64       
PG23  12741.657261  14595.879933  18383.492276    680.645887  5  5  2  75       
PG24 -14971.287298  21700.469883   -159.957980    167.508722  7  8  6  58       
PG25   3297.046806  16119.535939 -21280.330798    396.577940  4  5  6  78       
PG26  26525.776408   3537.479894  -1368.389312   -389.493603  2  4  3  57       
PG27  15377.099345  -2064.086674  21223.360732      0.507821  4  3  1  77       
PG28  14483.103139   5962.214458 -21449.956765   -438.741303  3  5  7  82       
PG29   3538.235267  25868.373159  -4375.298226   -259.680567  3  5  3  52       
PG30 -11419.496202 -10982.920980  21518.977860    334.943011  4  4  4  67       
PG31  20053.344900  -3479.688217 -17514.843756   -127.135770  5  4  5  59       
PG32  15538.444630  16806.623507 -13342.903711    224.283985  6  4  3  58       
*  2026  8 19  3 30  0.00000000
PG01  15394.312132 -21256.608391  -3754.663452    193.453352  9  7  5  93       
PG02  17238.868389 -18840.348909   6374.763579    159.820672  5  5  5  77       
PG03  10771.909464 -12253.440509 -21150.113903    315.345705  5  5  2  77       
PG04   2843.463740 -21688.303707 -14906.977964     64.176457  6  6  5  73       
PG05 -22304.898509   6547.851179  12689.931214   -236.098251  3  3  5  72       
PG06 -14125.310115  -5488.478146 -21767.708958   -547.257493  4  4  5  85       
PG07   1711.878538 -21247.926176  16237.708593   -216.826705  5  4  3  84       
PG08  10491.766652 -12745.686659  20514.369934    370.056436  3  4  3  65       
PG09  -6635.842786 -25004.086446  -5926.748366    698.243338  4  3  4  80       
PG10  20806.253933  11364.748123  12597.792095   -548.890702  5  3  2  80       
PG11 -19988.630994   6250.785802 -16222.707128   -237.662210  5  6  4  70       
PG12 -12790.369645  11920.847845 -20279.625058   -603.902701  5  6  2  76       
PG13 -14290.024095  12022.743370 -18966.841720    430.932871  5  8  5  89       
PG14 -18210.496499 -13261.786647  14426.211177    750.208905  3  3  4  88       
PG15  -7747.733463  14841.896993  20057.569004    437.712977  2  3  3  77       
PG16  25578.510528    257.511930   7530.611738    318.498850  2  5  3  56       
PG17 -12720.208362 -22042.520028  -6707.447806   -190.135996  5  4  4  83       
PG18   -722.286223  19959.387236  17416.990445   -276.847113  5  5  7  68       
PG19 -16245.702667 -13409.626652 -16544.990021    704.693975  6  5  7  86       
PG20 -14501.231376   4757.587240  21796.009680    264.205124  6  5  6  92       
PG21 -26363.515320  -2204.904931   2581.887703    380.481569  4  4  5  88       
PG22 -22426.149370 -11238.902004   8543.805976     61.188736  3  5  5  76       
PG23  10597.831765  14350.511699  19858.690754    680.649243  5  5  1  79       
PG24 -15158.244010  21334.492203   2660.848387    167.524714  6  8  5  75       
PG25    935.107618  15822.393190 -21719.713875    396.574941  4  5  6  77       
PG26  26222.196165   3831.919678  -4110.397253   -389.495229  2  4  3  63       
PG27  16252.748885    251.086170  20710.602481      0.507620  4  3  1  68       
PG28  12982.036634   7927.646012 -21770.021849   -438.731634  3  5  7  77       
PG29   3100.243640  25310.806977  -7135.679732   -259.673733  3  5  3  73       
PG30  -9878.453387 -12839.290547  21226.985805    334.954398  3  4  3  65       
PG31  18822.593974  -1860.223573 -19059.603897   -127.133035  5  5  5  73       
PG32  15876.330806  18202.324334 -10967.431645    224.301288  6  4  3  53       
*  2026  8 19  3 45  0.00000000
PG01  15774.168803 -21287.625462   -917.812781    193.445013  8  7  5  78       
PG02  17040.660681 -17964.134183   9079.493147    159.826930  4  4  5  89       
PG03  13054.814464 -11923.297691 -20002.557386    315.327715  5  4  2  81       
PG04   3682.650579 -20055.716014 -16890.357666     64.176851  6  6  5  80       
PG05 -23625.086775   6304.398421  10219.046701   -236.098534  3  3  5  87       
PG06 -12614.568713  -7498.788525 -22079.396621   -547.248701  4  4  5  81       
PG07   2845.674862 -22474.243495  14187.313962   -216.830012  5  4  3  84       
PG08  11686.363664 -10619.563736  21109.244443    370.047515  3  4  3  66       
PG09  -6071.420873 -24364.583101  -8634.770551    698.236058  5  3  4  79       
PG10  19291.171456  11287.056534  14888.456268   -548.884953  5  3  2  70       
PG11 -18898.389022   4601.420810 -17986.599433   -237.651301  5  5  4  83       
PG12 -14935.595508  11444.148992 -19032.590261   -603.901919  5  6  2  78       
PG13 -16345.418321  11757.488872 -17405.092858    430.937274  5  8  5  79       
PG14 -16461.305136 -13261.026641  16380.904540    750.208876  3  3  4  80       
PG15  -9204.002256  12859.982049  20779.455709    437.715624  2  3  3  72       
PG16  26268.510243    619.772600   4823.509222    318.504749  2  5  3  76       
PG17 -12691.023654 -22756.969325  -3931.750713   -190.141380  4  3  3  71       
PG18  -1982.238592  21367.733521  15513.240516   -276.839059  5  6  7  60       
PG19 -16660.988602 -15122.932053 -14581.337117    704.694107  6  5  6  92       
PG20 -15536.033086   2523.946427  21451.160271    264.214113  5  4  6  98       
PG21 -26465.518224  -2460.364486   -275.198863    380.475242  4  4  5  96       
PG22 -21305.037063 -11281.830793  11100.202309     61.196294  3  4  4  69       
PG23   8294.784049  14215.621906  20997.300872    680.652589  5  5  1  68       
PG24 -15207.459922  20697.459759   5434.468017    167.540723  6  7  5 103       
PG25  -1469.587399  15643.845292 -21798.839170    396.571927  4  5  5  70       
PG26  25631.836239   4137.454386  -6783.686219   -389.496923  2  4  3  60       
PG27  17207.062138   2442.672034  19831.968500      0.507650  4  3  2  78       
PG28  11577.276487   9981.550054 -21715.397191   -438.721939  2  5  6  78       
PG29   2530.959980  24488.176958  -9772.129537   -259.667524  3  5  3  77       
PG30  -8458.563757 -14727.793247  20575.533338    334.965848  3  4  1  51       
PG31  17584.010117    -55.452532 -20286.928028   -127.130525  5  5  5  79       
PG32  16173.077242  19319.806217  -8402.463407    224.318616  6  5  2  56       
*  2026  8 19  4  0  0.00000000
PG01  15960.243307 -21078.526510   1934.921534    193.436605  8  8  5  67       
PG02  16748.847725 -16816.771656  11624.659704    159.833586  4  2  5  87       
PG03  15206.534642 -11733.615838 -18516.041328    315.309747  5  4  2  82       
PG04   4697.485428 -18282.478939 -18580.372076     64.177315  6  6  5  83       
PG05 -24664.322749   6133.767007   7571.097927   -236.098531  2  3  5  73       
PG06 -11210.017438  -9603.056804 -22009.087664   -547.239916  4  4  5  85       
PG07   3791.987883 -23553.987512  11897.405184   -216.833212  4  4  4  86       
PG08  13003.280839  -8517.057597  21332.664089    370.038596  3  3  3  74       
PG09  -5329.256242 -23495.571303 -11194.069598    698.228751  5  3  4  90       
PG10  17532.259178  11284.953354  16931.239459   -548.879211  5  3  3  68       
PG11 -17791.586031   2747.562164 -19438.595816   -237.640448  4  4  4  98       
PG12 -16947.678712  11097.199985 -17465.434997   -603.901393  5  5  2  91       
PG13 -18219.037428  11599.711326 -15545.665702    430.941703  5  8  4  97       
PG14 -14509.985485 -13336.668502  18059.405103    750.208825  3  3  4  73       
PG15 -10792.073653  10900.381033  21125.156017    437.718361  2  4  3  60       
PG16  26669.047965    902.560271   2034.774775    318.510631  2  5  3  54       
PG17 -12567.110221 -23177.861373  -1086.734069   -190.146071  3  3  3  52       
PG18  -3039.480720  22648.758222  13340.097836   -276.831031  5  7  7  58       
PG19 -17078.123359 -16593.302619 -12373.728682    704.694360  6  5  6  99       
PG20 -16657.823684    399.648639  20739.114482    264.223192  5  4  5  90       
PG21 -26258.323448  -2691.022894  -3127.561002    380.468985  4  4  4  92       
PG22 -19914.498576 -11343.552246  13465.165175     61.204062  3  4  4  78       
PG23   5877.233621  14210.487739  21779.403984    680.655959  5  5  1  75       
PG24 -15152.883318  19779.808127   8111.184488    167.556706  5  7  5  74       
PG25  -3871.524878  15588.239935 -21515.730416    396.568917  4  5  5  78       
PG26  24766.535185   4487.335606  -9343.773547   -389.498572  2  3  3  65       
PG27  18209.996029   4473.176700  18604.631683      0.507848  4  3  2  83       
PG28  10295.880232  12082.898093 -21286.950064   -438.712255  2  5  6  54       
PG29   1805.007333  23430.554341 -12239.008515   -259.660942  2  5  3  81       
PG30  -7178.909414 -16606.714857  19574.764271    334.977230  2  5  1  67       
PG31  16375.564765   1910.824590 -21176.202480   -127.127705  5  4  4  80       
PG32  16388.942554  20153.799435  -5692.844311    224.336030  6  5  2  64       
*  2026  8 19  4 15  0.00000000
PG01  15983.010863 -20608.526167   4754.162443    193.428205  7  8  4  66       
PG02  16404.315337 -15405.762804  13966.807366    159.840137  3  1  5  81       
PG03  17182.034288 -11666.195209 -16715.130658    315.291715  4  4  2  75       
PG04   5890.185787 -16415.363907 -19948.001329     64.177714  6  6  4  80       
PG05 -25402.685169   6000.155264   4792.221883   -236.098783  1  4  5  73       
PG06  -9939.204390 -11757.912312 -21557.532165   -547.231091  4  4  5  73       
PG07   4560.328239 -24446.368623   9405.059751   -216.836388  2  4  3  89       
PG08  14419.909789  -6481.324436  21182.114237    370.029667  3  3  3  72       
PG09  -4391.318203 -22433.458649 -13560.850800    698.221428  5  2  4  78       
PG10  15563.300770  11388.372462  18692.245842   -548.873375  5  4  3  70       
PG11 -16708.018180    713.871177 -20553.608528   -237.629565  4  4  4  86       
PG12 -18784.873425  10863.761861 -15603.978678   -603.900729  4  5  2  73       
PG13 -19874.191619  11525.039727 -13420.243503    430.946116  5  9  3  88       
PG14 -12392.332067 -13511.694712  19433.031835    750.208742  3  2  4  64       
PG15 -12484.142734   9005.538121  21088.149101    437.721218  2  4  2  68       
PG16  26769.290060   1141.140140   -788.237530    318.516830  2  5  3  65       
PG17 -12313.158178 -23316.038277   1777.389447   -190.150556  2  3  3  34       
PG18  -3899.685547  23758.563003  10934.793991   -276.823013  5  7  6  57       
PG19 -17459.672680 -17805.331240  -9959.607952    704.694453  6  5  6  84       
PG20 -17835.333353  -1578.659491  19671.951350    264.232231  4  5  5  94       
PG21 -25743.783837  -2934.425273  -5926.216120    380.462696  3  4  4  83       
PG22 -18278.858966 -11457.990912  15598.976532     61.211658  3  4  4  68       
PG23   3393.489812  14346.571165  22190.989906    680.659299  4  5  1  70       
PG24 -15030.703183  18580.752181  10642.500998    167.572647  4  6  5  60       
PG25  -6224.972374  15652.263097 -20874.223758    396.565900  4  5  5  79       
PG26  23645.480999   4912.208529 -11748.158679   -389.500238  2  3  3  65       
PG27  19226.647793   6311.895067  17051.828163      0.507525  5  4  2  67       
PG28   9157.681708  14186.951881 -20491.983963   -438.702502  3  5  5  62       
PG29    903.389610  22174.029057 -14493.729938   -259.654276  2  5  3  78       
PG30  -6051.254729 -18432.202718  18240.742439    334.988712  2  5  1  62       
PG31  15231.154305   4008.035048 -21712.237241   -127.125387  5  4  3  80       
PG32  16485.154339  20707.978636  -2885.572254    224.353386  6  5  2  60       
*  2026  8 19  4 30  0.00000000
PG01  15877.327105 -19864.570954   7491.110638    193.419919  7  8  4  78       
PG02  16047.081197 -13747.173043  16066.613833    159.846481  3  1  5  84       
PG03  18941.171508 -11695.647198 -14629.773405    315.273695  4  3  3  79       
PG04   7254.488786 -14502.077181 -20969.921557     64.178117  6  6  4  79       
PG05 -25829.134228   5865.242690   1930.638546   -236.099140  1  5  5  71       
PG06  -8822.054668 -13916.135837 -20732.134735   -547.222242  4  4  5  69       
PG07   5167.338675 -25114.317582   6751.394128   -216.839808  1  5  4  92       
PG08  15907.201120  -4550.998857  20661.749014    370.020853  3  3  3  72       
PG09  -3247.130023 -21218.966954 -15694.755832    698.214142  5  2  4  83       
PG10  13424.029409  11621.005866  20142.122103   -548.867538  5  4  3  54       
PG11 -15683.482337  -1467.691413 -21312.447243   -237.618649  4  3  3  83       
PG12 -20409.970086  10720.931095 -13479.011401   -603.900087  4  5  3  85       
PG13 -21280.497106  11503.610554 -11065.068581    430.950536  4  9  3  97       
PG14 -10148.855266 -13802.739529  20478.077893    750.208682  3  3  4  78       
PG15 -14245.867376   7213.114715  20669.191593    437.723700  2  5  2  78       
PG16  26566.760226   1372.244856  -3598.085789    318.522887  2  5  4  54       
PG17 -11897.596679 -23190.660397   4610.495542   -190.155683  1  2  2  58       
PG18  -4576.591335  24656.759538   8338.810863   -276.814962  5  7  6  87       
PG19 -17767.036501 -18751.769680  -7379.589203    704.694704  6  6  5  72       
PG20 -19032.133367  -3380.631330  18267.809134    264.241285  4  6  4  88       
PG21 -24932.571458  -3227.127220  -8623.095195    380.456457  3  3  4  78       
PG22 -16429.511128 -11654.729581  17466.226360     61.219402  3  4  4  69       
PG23    893.816364  14627.002602  22224.233660    680.662639  4  5  1  73       
PG24 -14877.738998  17108.578402  12982.145540    167.588614  3  5  5  61       
PG25  -8485.478933  15825.045602 -19883.967718    396.562917  4  5  4  88       
PG26  22294.538743   5438.803511 -13956.952199   -389.501920  2  3  3  65       
PG27  20218.664668   7935.841792  15202.309956      0.507648  4  4  3  76       
PG28   8174.649476  16246.834322 -19344.118019   -438.692786  3  5  5  41       
PG29   -185.575952  20759.310768 -16497.501374   -259.647805  2  5  3  81       
PG30  -5079.716551 -20159.802363  16595.253699    335.000170  1  6  1  67       
PG31  14179.384879   6199.767941 -21885.518278   -127.122624  5  4  3  69       
PG32  16425.524768  20994.605594    -28.966548    224.370769  6  5  2  54       
*  2026  8 19  4 45  0.00000000
PG01  15680.915431 -18841.983052  10098.404512    193.411503  7  8  4  79       
PG02  15714.632366 -11865.066480  17889.488957    159.852876  3  1  5  83       
PG03  20450.095198 -11790.448189 -12294.856330    315.255645  4  3  3  75       
PG04   8775.741786 -12589.504850 -21628.890478     64.178572  6  5  4  70       
PG05 -25941.829497   5689.873870   -964.205809   -236.099362  1  5  5  70       
PG06  -7870.202516 -16028.336980 -19546.852995   -547.213409  4  5  5  77       
PG07   5636.064718 -25525.980124   3980.988904   -216.842616  1  5  4  88       
PG08  17430.746966  -2758.889128  19782.208892    370.011929  3  3  3  73       
PG09  -1894.350837 -19895.552780 -17559.531436    698.206856  5  2  4  76       
PG10  11158.807012  11999.311696  21256.499248   -548.861796  5  5  3  65       
PG11 -14748.410054  -3758.914122 -21702.148685   -237.607719  4  3  3  91       
PG12 -21791.576455  10640.107799 -11125.847481   -603.899604  3  5  3  78       
PG13 -22414.905983  11501.348295  -8520.341916    430.954935  4  9  3  84       
PG14  -7823.437694 -14219.341246  21176.221405    750.208736  3  2  4  75       
PG15 -16037.646623   5554.599956  19876.295439    437.726557  3  5  1  78       
PG16  26067.352708   1632.502585  -6347.976513    318.528965  2  5  4  55       
PG17 -11293.987354 -22828.273643   7363.465543   -190.159722  1  2  2  74       
PG18  -5091.286597  25308.060723   5597.162000   -276.806924  5  8  6  81       
PG19 -17961.982171 -19433.605828  -4676.821435    704.694925  6  6  5  68       
PG20 -20207.992381  -4983.193515  16550.589252    264.250286  4  6  3  99       
PG21 -23843.806890  -3603.088132 -11171.864342    380.450162  3  3  4  83       
PG22 -14403.790496 -11957.773930  19036.329195     61.227461  3  4  4  76       
PG23  -1571.286008  15046.388229  21877.679104    680.666017  4  5  1  69       
PG24 -14729.785810  15380.564697  15087.061378    167.604581  2  5  5  75       
PG25 -10611.344429  16088.555417 -18560.347077    396.559914  3  5  4  85       
PG26  20745.353020   6088.777687 -15933.464544   -389.503535  3  3  3  71       
PG27  21145.780050   9330.358766  13089.711384      0.507521  4  5  3  75       
PG28   7350.559128  18215.193027 -17863.057419   -438.683086  4  6  5  56       
PG29  -1465.618647  19230.167375 -18215.990997   -259.641242  2  5  3  71       
PG30  -4260.729090 -21746.042761  14665.511264    335.011582  2  7  1  44       
PG31  13242.554706   8444.926386 -21692.388426   -127.119919  5  4  3  86       
PG32  16177.956981  21033.858381   2828.161606    224.388114  6  6  2  84       
*  2026  8 19  5  0  0.00000000
PG01  15432.751398 -17544.785611  12530.953721    193.403140  6  7  4  81       
PG02  15440.410781  -9790.648128  19406.054830    159.859403  3  1  5  74       
PG03  21682.423099 -11914.244045  -9749.673028    315.237564  4  3  3  73       
PG04  10431.328706 -10722.008565 -21914.019298     64.179031  6  5  5  73       
PG05 -25748.101497   5435.766917  -3842.502896   -236.099157  1  5  4  69       
PG06  -7086.657734 -18044.731800 -18021.975268   -547.204617  4  5  5  84       
PG07   5994.954755 -25656.064701   1141.210368   -216.846001  1  5  4  91       
PG08  18952.072816  -1130.928590  18560.320032    370.002996  3  2  3  70       
PG09   -339.041666 -18507.744206 -19123.620644    698.199552  5  2  3  84       
PG10   8815.143117  12531.789718  22016.372296   -548.855954  5  5  3  70       
PG11 -13926.727415  -6116.629033 -21716.192465   -237.596813  4  3  4  88       
PG12 -22905.201573  10588.192861  -8583.802329   -603.899072  3  5  3  81       
PG13 -23262.467264  11481.418809  -5829.554051    430.959361  3  9  3  70       
PG14  -5461.863829 -14763.465563  21514.861606    750.208848  3  3  4  75       
PG15 -17816.134539   4054.200434  18724.530013    437.729414  3  5  1  81       
PG16  25285.055691   1956.894416  -8992.463717    318.535008  2  5  4  55       
PG17 -10482.198227 -22261.610353   9989.052304   -190.164730  1  2  2  53       
PG18  -5471.196131  25683.691971   2757.595209   -276.798872  5  8  6  77       
PG19 -18008.165805 -19859.852826  -1896.328381    704.694799  6  6  4  61       
PG20 -21320.393418  -6371.240389  14549.563577    264.259288  4  7  3 101       
PG21 -22504.375941  -4092.166915 -13528.717386    380.443942  3  2  3  86       
PG22 -12243.651335 -12384.556660  20283.943024     61.234926  3  4  3  67       
PG23  -3952.816799  15590.952307  21156.323228    680.669409  3  5  1  76       
PG24 -14619.989838  13422.520448  16918.351235    167.620563  2  4  5  86       
PG25 -12565.007135  16418.266990 -16924.326620    396.556915  3  5  3  79       
PG26  19034.256795   6877.745895 -17644.750329   -389.505111  3  3  4  78       
PG27  21967.410705  10489.385544  10751.849578      0.507075  4  5  3  53       
PG28   6680.991920  20045.892929 -16074.258350   -438.673353  5  6  5  59       
PG29  -2932.190674  17631.763670 -19619.907076   -259.634640  1  6  3  42       
PG30  -3583.309116 -23150.011843  12483.763947    335.023007  2  7  1  68       
PG31  12435.870551  10699.060508 -21135.152971   -127.117322  4  5  2  85       
PG32  15715.787142  20852.879042   5637.323227    224.405618  6  5  2  68       
*  2026  8 19  5 15  0.00000000
PG01  15171.408743 -15985.696391  14746.730618    193.394864  5  7  4  90       
PG02  15252.500652  -7561.156848  20592.508410    159.865764  3  2  4  90       
PG03  22620.154318 -12027.359273  -7037.308918    315.219447  4  3  3  77       
PG04  12191.413578  -8939.838256 -21820.928172     64.179418  6  4  5  80       
PG05 -25264.082345   5067.179190  -6654.938523   -236.099910  1  5  4  87       
PG06  -6465.820945 -19916.951063 -16183.779916   -547.195855  3  5  5  67       
PG07   6276.617975 -25486.982117  -1718.568117   -216.849215  2  6  5  87       
PG08  20430.082430    314.581891  17018.688891    369.994007  3  3  3  72       
PG09   1404.392801 -17099.457872 -20360.668737    698.192243  5  2  3  91       
PG10   6442.102767  13218.550475  22408.414025   -548.850138  5  5  2  93       
PG11 -13234.984973  -8494.200771 -21354.600028   -237.585919  4  4  4  89       
PG12 -23734.100828  10528.973158  -5895.596074   -603.898327  2  5  3  82       
PG13 -23816.789623  11405.800262  -3038.757256    430.963758  3  9  3  84       
PG14  -3110.274460 -15429.320691  21487.373450    750.208799  3  4  4  78       
PG15 -19535.918831   2728.057817  17235.656811    437.732084  3  5  1  88       
PG16  24241.401224   2377.293937 -11488.106003    318.540980  2  5  4  70       
PG17  -9449.315903 -21528.179406  12442.679195   -190.169406  1  3  2  58       
PG18  -5748.807569  25762.562841   -130.268425   -276.790826  4  8  5  69       
PG19 -17872.589807 -20047.059930    915.669043    704.695099  6  7  3  55       
PG20 -22326.154421  -7538.023254  12298.890491    264.268306  4  7  3  96       
PG21 -20947.959695  -4718.778714 -15653.126094    380.437604  3  2  3  91       
PG22  -9994.197809 -12945.212495  21189.290923     61.242870  3  4  3  51       
PG23  -6204.968295  16239.013756  20071.595842    680.672792  3  5  2  77       
PG24 -14577.331194  11267.958804  18442.143131    167.636433  2  4  4  92       
PG25 -14314.300000  16784.089608 -15002.210772    396.553888  2  5  3  89       
PG26  17201.023829   7814.533926 -19062.104366   -389.506743  3  3  4  77       
PG27  22644.250199  11415.393360   8229.978820      0.506787  4  6  3  58       
PG28   6153.659493  21695.673018 -14008.492857   -438.663681  5  6  5  59       
PG29  -4572.471301  16008.966016 -20685.481604   -259.628041  1  5  3  61       
PG30  -3029.615959 -24334.862566  10086.808689    335.034408  3  7  2  64       
PG31  11766.928171  12915.837740 -20222.105686   -127.114550  4  5  2  60       
PG32  15018.914894  20484.581126   8351.138301    224.422992  5  5  1  69       
*  2026  8 19  5 30  0.00000000
PG01  14933.432955 -14185.789800  16707.504815    193.386508  5  6  4  75       
PG02  15172.560451  -5218.559258  21430.871202    159.872202  3  2  4  72       
PG03  23254.278320 -12088.456061  -4203.949422    315.201374  4  3  3  80       
PG04  14019.970412  -7277.722501 -21351.784873     64.179804  5  4  5  76       
PG05 -24514.013915   4552.465968  -9353.525935   -236.100395  1  4  3  86       
PG06  -5993.848125 -21599.807458 -14064.081437   -547.187002  3  5  5  63       
PG07   6516.381311 -25009.719932  -4547.836483   -216.852172  3  6  6  75       
PG08  21822.595641   1567.418749  15185.206940    369.985100  3  3  3  76       
PG09   3313.582656 -15712.360117 -21249.937856    698.184916  5  2  3  94       
PG10   4088.656589  14051.195229  22425.218474   -548.844269  5  5  2  96       
PG11 -12681.790858 -10843.151707 -20623.916001   -237.575066  4  5  4  79       
PG12 -24269.847594  10424.646155  -3106.688745   -603.897497  1  4  3  61       
PG13 -24080.187403  11236.911507   -195.790076    430.968190  3  9  4  66       
PG14   -813.600997 -16203.474919  21093.274101    750.208783  2  4  4  72       
PG15 -21151.286148   1583.825840  15437.611638    437.734997  4  4  1  81       
PG16  22964.665882   2921.137100 -13794.078366    318.547089  2  5  4  67       
PG17  -8190.266315 -20668.707315  14683.160257   -190.174019  1  4  2  55       
PG18  -5960.189555  25532.148555  -3015.841516   -276.782775  4  8  5  58       
PG19 -17526.947134 -20018.563391   3712.442219    704.695347  6  7  3  60       
PG20 -23183.090943  -8485.219417   9837.046565    264.277306  4  7  4  96       
PG21 -19213.814767  -5500.765195 -17508.535360    380.431372  3  2  3  90       
PG22  -7702.125913 -13642.144413  21738.387636     61.250462  3  4  3  75       
PG23  -8286.709426  16961.783631  18641.230578    680.676145  3  5  2  68       
PG24 -14625.287031   8956.932778  19630.347418    167.652407  3  4  4  88       
PG25 -15833.528661  17151.527392 -12825.315590    396.550936  2  4  3  78       
PG26  15287.506694   8900.680294 -20161.505349   -389.508326  4  3  4  78       
PG27  23139.797013  12118.996582   5568.017198      0.507258  4  6  3  66       
PG28   5749.041819  23125.703455 -11701.320767   -438.653993  5  7  4  74       
PG29  -6365.696948  14404.679326 -21394.851347   -259.621403  1  5  3  73       
PG30  -2575.789319 -25269.190463   7515.410853    335.045853  4  7  3  59       
PG31  11235.478569  15048.601470 -18967.471009   -127.112158  4  5  2  76       
PG32  14074.684004  19966.265658  10924.085062    224.440405  5  5  2  70       
*  2026  8 19  5 45  0.00000000
PG01  14751.807037 -12173.840630  18379.507484    193.378161  5  5  3  89       
PG02  15215.030340  -2808.099152  21909.132955    159.878496  3  3  3  85       
PG03  23585.052933 -12056.281242  -1298.119665    315.183272  4  3  3  74       
PG04  15876.057606  -5763.689374 -20515.228618     64.180265  5  3  4  45       
PG05 -23529.263831   3865.473142 -11892.403105   -236.100427  1  4  2  87       
PG06  -5649.350470 -23052.951220 -11699.671079   -547.178136  3  5  4  84       
PG07   6750.698739 -24224.401897  -7295.896026   -216.855332  4  6  6  89       
PG08  23087.917477   2625.559419  13092.480936    369.976135  3  3  3  55       
PG09   5358.875614 -14384.333477 -21776.625876    698.177558  5  2  3  91       
PG10   1802.028802  15013.014353  22065.469492   -548.838451  5  5  1  94       
PG11 -12267.567862 -13114.859855 -19537.073538   -237.564140  4  5  5  81       
PG12 -24512.605835  10237.428699   -264.553638   -603.896861  1  4  3  55       
PG13 -24063.503316  10939.235131   2650.533473    430.972603  3  9  4  47       
PG14   1385.963356 -17065.276730  20338.295174    750.208734  2  5  3  79       
PG15 -22617.993241    620.619352  13363.854664    437.737788  4  3  1  92       
PG16  21488.853081   3610.264877 -15872.736679    318.553298  2  5  4  77       
PG17  -6708.127191 -19725.495115  16673.333200   -190.178666  1  4  2  73       
PG18  -6143.362325  24989.042755  -5848.503922   -276.774798  3  8  4  65       
PG19 -16948.806563 -19803.503481   6447.450875    704.695496  6  7  3  51       
PG20 -23851.657517  -9222.678045   7206.182227    264.286283  4  6  5  93       
PG21 -17345.350182  -6448.522778 -19062.991563    380.425105  3  2  3  87       
PG22  -5414.133262 -14469.890556  21923.174646     61.258177  3  4  2  72       
PG23 -10163.199354  17724.457545  16889.024772    680.679491  4  4  2  83       
PG24 -14780.740638   6534.585109  20461.277983    167.668350  3  3  3  89       
PG25 -17104.328417  17483.034328 -10429.550567    396.547940  2  4  2  85       
PG26  13336.206018  10130.205074 -20924.002898   -389.509868  4  3  4  72       
PG27  23421.761288  12618.267137   2811.762196      0.507279  3  6  3  68       
PG28   5441.313195  24302.982990  -9192.477551   -438.644326  6  7  4  79       
PG29  -8283.802602  12858.280421 -21736.331850   -259.614907  1  5  3  84       
PG30  -2193.036454 -25928.226770   4813.638251    335.057322  5  7  4  71       
PG31  10833.492911  17051.964794 -17391.258105   -127.109591  3  6  2  72       
PG32  12878.484940  19338.099379  13313.203428    224.457815  5  5  2  75       
*  2026  8 19  6  0  0.00000000
PG01  14654.570100  -9985.375361  19734.013577    193.369818  5  5  2  75       
PG02  15386.634104   -376.758858  22021.297941    159.885028  4  3  3  77       
PG03  23621.935898 -11891.434207   1630.133766    315.165203  4  2  3  71       
PG04  17715.286106  -4418.160842 -19326.183013     64.180690  5  3  4  34       
PG05 -22347.089997   2986.712348 -14228.582248   -236.100990  2  4  2  88       
PG06  -5404.401718 -24242.347700  -9131.662285   -547.169322  2  5  4  56       
PG07   7015.477029 -23140.493486  -9912.865165   -216.858535  4  6  6  63       
PG08  24186.378314   3494.989220  10777.204109    369.967193  4  3  3  53       
PG09   7504.297367 -13148.105078 -21932.086713    698.170188  5  2  3  80       
PG10   -373.899999  16079.501729  21334.029203   -548.832604  5  4  1  88       
PG11 -11984.642200 -15262.263472 -18113.147502   -237.553231  4  6  5  66       
PG12 -24471.088293   9931.189965   2582.102623   -603.896650  1  4  3  49       
PG13 -23785.613498  10480.872061   5451.256900    430.977018  4  9  4  37       
PG14   3450.398632 -17987.566459  19234.355363    750.208688  1  5  3  65       
PG15 -23894.965128   -170.670611  11052.612795    437.740190  3  3  1  68       
PG16  19852.493514   4459.974795 -17690.133554    318.559049  2  5  4  69       
PG17  -5014.128044 -18740.756006  18380.600275   -190.183346  1  4  2  58       
PG18  -6336.588425  24139.156700  -8578.542150   -276.766793  2  7  4  70       
PG19 -16122.598073 -19435.640973   9075.040337    704.695809  6  7  3  43       
PG20 -24296.504540  -9767.852112   4451.411226    264.295239  4  6  5  80       
PG21 -15388.555081  -7564.423324 -20289.693396    380.418802  3  3  3  98       
PG22  -3175.352653 -15415.290738  21741.568089     61.266151  2  4  2  64       
PG23 -11806.974256  18487.564957  14844.487694    680.682859  4  5  2  46       
PG24 -15053.189923   4049.477706  20920.115907    167.684314  4  3  3  87       
PG25 -18116.263346  17739.519074  -7854.909190    396.544991  2  4  2  86       
PG26  11388.819163  11489.656245 -21336.043222   -389.511417  4  3  4  82       
PG27  23463.301408  12937.787119      8.109614      0.506996  3  6  3  11       
PG28   5199.519877  25201.522645  -6525.188591   -438.634682  6  8  3  63       
PG29 -10292.348027  11404.207132 -21704.582127   -259.608163  1  5  3  75       
PG30  -1848.929404 -26294.796727   2028.117526    335.068746  5  6  5  74       
PG31  10545.529146  18883.383259 -15519.023057   -127.107134  3  7  3  64       
PG32  11434.061465  18641.512290  15478.745821    224.475224  5  5  2  87       
*  2026  8 19  6 15  0.00000000
PG01  14663.643037  -7661.468394  20747.831968    193.361503  5  5  2  73       
PG02  15686.183347   2028.311282  21767.343164    159.891585  4  3  3  81       
PG03  23383.167637 -11558.086120   4530.106259    315.147042  4  2  3  77       
PG04  19491.423700  -3253.352583 -17805.563915     64.181123  4  3  4  46       
PG05 -21009.202839   1904.276056 -16322.641371   -236.101114  2  4  1  91       
PG06  -5225.812203 -25141.517368  -6404.753657   -547.160495  2  5  3  84       
PG07   7344.390521 -21776.629464 -12350.717462   -216.861800  4  6  6  75       
PG08  25081.788235   4189.207435   8279.482987    369.958275  4  3  3  68       
PG09   9708.752681 -12030.086848 -21713.950649    698.162828  4  3  3  84       
PG10  -2400.078837  17219.172347  20241.941043   -548.826692  5  4  1  82       
PG11 -11817.658531 -17241.506558 -16377.001317   -237.542381  4  6  5  85       
PG12 -24162.196294   9473.045653   5384.162659   -603.895721  1  4  3  52       
PG13 -23272.632851   9834.966728   8158.122463    430.981409  4  9  4  76       
PG14   5347.144408 -18937.657379  17799.429152    750.208635  1  5  3  80       
PG15 -24945.847673   -806.719342   8546.041272    437.743060  3  3  1  53       
PG16  18097.304600   5478.310544 -19216.484668    318.565149  2  5  4  66       
PG17  -3127.345330 -17754.996390  19777.374930   -190.187962  1  4  2  63       
PG18  -6576.655214  22997.555282 -11158.073398   -276.758765  2  6  5  82       
PG19 -15040.363413 -18952.012765  11551.134392    704.695804  6  7  4  47       
PG20 -24487.890269 -10144.937796   1620.045106    264.304196  4  4  5  90       
PG21 -13390.337208  -8842.550645 -21167.455754    380.412526  4  4  3  82       
PG22  -1027.862773 -16457.941611  21197.424216     61.273906  2  4  2  65       
PG23 -13198.858295  19208.526084  12542.378971    680.686189  4  4  2  55       
PG24 -15444.293231   1551.778439  20999.200505    167.700287  5  3  3  77       
PG25 -18867.138527  17881.946508  -5144.869293    396.541981  2  4  2  74       
PG26   9484.817799  12958.435370 -21389.728183   -389.513020  4  3  4  58       
PG27  23244.050051  13107.482387  -2795.712147      0.506299  3  5  3  46       
PG28   4988.962987  25803.269800  -3745.421744   -438.625013  6  8  4  85       
PG29 -12351.691663  10070.755658 -21300.659769   -259.601537  1  4  2  81       
PG30  -1508.863166 -26360.000631   -792.775684    335.080164  5  6  5  92       
PG31  10349.392804  20504.649195 -13381.536269   -127.104398  3  7  3  72       
PG32   9753.513793  17917.572735  17384.769952    224.492607  5  5  2  77       
*  2026  8 19  6 30  0.00000000
PG01  14793.906999  -5247.330375  21403.695509    193.353005  5  4  2  73       
PG02  16104.681319   4361.341113  21153.097873    159.898029  4  3  3  86       
PG03  22895.016803 -11025.580907   7351.328962    315.128944  4  2  3  67       
PG04  21158.073345  -2272.998943 -15979.889512     64.181513  4  3  3  23       
PG05 -19560.180954    614.460410 -18139.349263   -236.101471  3  4  1  88       
PG06  -5076.617707 -25732.488500  -3566.424163   -547.151606  2  4  3  52       
PG07   7767.262431 -20160.056432 -14564.321502   -216.864896  4  6  6  73       
PG08  25742.754092   4728.458853   5642.133543    369.949361  4  3  3  43       
PG09  11927.422102 -11049.469250 -21126.144522    698.155445  4  3  3  81       
PG10  -4243.606856  18394.659717  18806.342029   -548.820888  4  4  1  79       
PG11 -11744.302967 -19013.462231 -14358.835172   -237.531446  4  6  5  67       
PG12 -23610.349362   8834.849969   8092.950746   -603.895025  1  4  3  70       
PG13 -22556.850246   8980.946264  10724.406137    430.985819  5  9  5  78       
PG14   7050.186603 -19878.553173  16057.308812    750.208663  1  5  3  62       
PG15 -25740.351745  -1310.807450   5889.332232    437.745449  3  3  1  60       
PG16  16266.753224   6665.611620 -20426.584595    318.571112  2  5  4  59       
PG17  -1074.111051 -16805.498400  20841.434570   -190.192768  1  4  2  72       
PG18  -6897.221422  21587.936001 -13541.933291   -276.750734  2  5  5  60       
PG19 -13702.243753 -18391.471761  13833.917667    704.696053  5  6  5  38       
PG20 -24402.892574 -10383.754120  -1239.214883    264.313195  4  3  5  86       
PG21 -11396.835533 -10268.764095 -21681.078608    380.406236  4  5  2  74       
PG22    990.674651 -17570.920575  20300.427121     61.281538  2  4  2  65       
PG23 -14328.559520  19843.357593  10022.141598    680.689516  4  5  2  74       
PG24 -15947.772619   -908.609718  20698.140241    167.716199  5  3  2  76       
PG25 -19363.005786  17872.976632  -2345.706844    396.538923  2  4  3  88       
PG26   7660.103879  14509.395527 -21083.002092   -389.514590  4  3  3  36       
PG27  22750.898501  13161.285461  -5552.882741      0.506258  3  5  3  46       
PG28   4772.732236  26098.736840   -901.091312   -438.615345  6  9  4  81       
PG29 -14418.366126   8879.129954 -20531.968061   -259.595227  1  4  2  86       
PG30  -1137.617560 -26123.585414  -3599.778621    335.091620  6  5  5 109       
PG31  10217.073515  21883.250884 -11014.353537   -127.102041  3  7  3  71       
PG32   7857.001085  17205.397716  18999.669249    224.509933  5  5  2  71       
*  2026  8 19  6 45  0.00000000
PG01  15052.570101  -2790.743651  21690.545046    193.344651  6  5  3  88       
PG02  16625.714312   6579.415733  20190.053272    159.904323  4  3  2  90       
PG03  22190.714102 -10269.851527  10044.476173    315.110872  3  3  3  78       
PG04  22670.361375  -1472.410138 -13880.801198     64.181961  4  3  3  61       
PG05 -18045.800103   -877.925244 -19648.216784   -236.101713  3  4  1 104       
PG06  -4917.722274 -26006.424500   -666.076997   -547.142642  2  4  3  98       
PG07   8308.590993 -18325.703293 -16512.449012   -216.868050  5  6  6  71       
PG08  26143.814605   5138.725788   2909.959031    369.940423  4  3  2  64       
PG09  14113.302374 -10217.600648 -20178.812796    698.148065  4  4  4  63       
PG10  -5878.837915  19564.059309  17050.279310   -548.815004  4  4  1  64       
PG11 -11736.303890 -20545.076194 -12093.644894   -237.520542  4  7  5  74       
PG12 -22846.525338   7994.523886  10661.100197   -603.894494  1  3  3  65       
PG13 -21675.433897   7905.523989  13105.731575    430.990250  6  9  5  73       
PG14   8540.900243 -20770.358674  14037.258685    750.208607  2  5  2  78       
PG15 -26255.338605  -1711.607460   3129.797276    437.748608  2  3  1  64       
PG16  14404.568371   8014.337344 -21300.170855    318.577302  3  5  4  88       
PG17   1112.837616 -15924.955931  21556.181544   -190.196865  1  3  2  80       
PG18  -7327.297215  19941.772529 -15688.507350   -276.742642  1  4  6  69       
PG19 -12116.684179 -17793.160551  15884.500723    704.696413  5  6  5  62       
PG20 -24026.372422 -10518.405866  -4077.114866    264.322164  4  2  5  91       
PG21  -9451.771461 -11821.087926 -21821.614378    380.400166  5  5  2  94       
PG22   2848.207046 -18721.750481  19065.903206     61.289582  2  3  2  82       
PG23 -15194.923278  20348.460656   7327.236797    680.692880  4  5  2  52       
PG24 -16549.675848  -3283.890231  20023.743894    167.732147  5  3  2  64       
PG25 -19617.854546  17678.576918    494.270068    396.535898  3  4  2  86       
PG26   5945.792129  16109.695325 -20419.760175   -389.516141  4  3  3  67       
PG27  21978.517469  13135.679537  -8217.697994      0.505848  3  5  3  45       
PG28   4513.330003  26087.310021   1958.772484   -438.605624  7  9  5  73       
PG29 -16446.602173   7842.776819 -19412.098340   -259.588674  1  4  2  86       
PG30   -700.959621 -25593.986828  -6343.638668    335.103143  6  6  6  75       
PG31  10115.927718  22993.542485  -8457.291097   -127.099130  3  7  3  57       
PG32   5772.155860  16540.653852  20296.637428    224.527356  4  5  2  79       
*  2026  8 19  7  0  0.00000000
PG01  15438.846217   -340.405513  21603.703533    193.336342  6  5  3  91       
PG02  17226.110383   8643.831093  18895.110405    159.910716  5  4  2  80       
PG03  21309.113300  -9274.591033  12562.268079    315.092779  3  3  3  84       
PG04  23986.571853   -838.856181 -11544.504863     64.182367  3  4  3  60       
PG05 -16511.337677  -2559.571667 -20823.968700   -236.102031  3  4  1  97       
PG06  -4709.627738 -25963.901163   2245.850412   -547.133694  2  4  3  69       
PG07   8986.294738 -16314.912306 -18158.715833   -216.871138  4  6  5  74       
PG08  26266.356634   5450.522506    129.020439    369.931471  4  3  2  51       
PG09  16218.833833  -9537.673947 -18888.141558    698.140689  3  3  4  66       
PG10  -7288.224681  20682.474250  15002.426856   -548.809187  4  5  1  63       
PG11 -11760.669839 -21810.479923  -9620.602131   -237.509649  4  7  4  72       
PG12 -21907.043998   6937.162813  13043.419014   -603.893715  1  3  3  75       
PG13 -20668.956445   6603.426186  15260.848328    430.994647  6  9  5  73       
PG14   9808.611987 -21571.831844  11773.563072    750.208610  2  5  2  55       
PG15 -26475.610190  -2041.777926    315.949079    437.751314  2  3  1  46       
PG16  12553.251594   9509.171882 -21822.234251    318.583264  3  5  4  77       
PG17   3395.432450 -15140.308700  21910.815726   -190.201435  1  3  2  73       
PG18  -7889.921201  18097.158964 -17560.487974   -276.734626  1  3  6  72       
PG19 -10300.343353 -17194.971572  17667.560189    704.696724  4  6  6  65       
PG20 -23351.650308 -10585.781592  -6844.700006    264.331179  4  4  5 100       
PG21  -7594.901634 -13470.412595 -21586.528900    380.393855  5  6  2  86       
PG22   4519.274475 -19873.570235  17514.566422     61.296934  2  3  2  81       
PG23 -15805.829160  20682.419991   4504.390913    680.696184  4  5  2  61       
PG24 -17228.979833  -5530.101591  18989.779839    167.748114  5  3  1  79       
PG25 -19652.991680  17269.542075   3325.556826    396.532870  3  3  2  89       
PG26   4367.164248  17721.883776 -19409.872520   -389.517751  4  2  2  67       
PG27  20929.602118  13068.177087 -10746.239892      0.505845  3  5  3  61       
PG28   4174.321725  25777.226635   4784.873728   -438.595903  7  9  5  64       
PG29 -18389.943062   6967.029166 -17960.572245   -259.582218  2  4  2  83       
PG30   -167.220013 -24788.035492  -8976.027075    335.114667  6  6  6  81       
PG31  10010.067372  23817.675559  -5753.807301   -127.096600  3  7  3  64       
PG32   3533.232021  15954.200607  21254.064275    224.544771  5  5  2  88       
*  2026  8 19  7 15  0.00000000
PG01  15943.957326   2055.757002  21144.938434    193.328003  7  5  4  91       
PG02  17876.838030  10521.289038  17290.273040    159.917063  5  4  2  88       
PG03  20293.130566  -8032.126844  14860.349543    315.074738  3  3  3  80       
PG04  25069.666006   -352.259893  -9011.143016     64.182739  3  4  2  69       
PG05 -14999.914680  -4409.003848 -21646.931524   -236.102225  3  4  1  98       
PG06  -4414.179391 -25614.823988   5118.791938   -547.124778  2  4  4  64       
PG07   9810.742320 -14173.883158 -19472.421044   -216.874210  5  5  5  51       
PG08  26099.284433   5697.539201  -2654.090976    369.922511  4  3  2  54       
PG09  18197.555085  -9004.730943 -17276.088489    698.133284  3  3  3  66       
PG10  -8462.865350  21703.710347  12696.699462   -548.803385  4  5  1  60       
PG11 -11781.114842 -22791.832451  -6982.367615   -237.498767  4  7  4  94       
PG12 -20832.138704   5655.874122  15197.735613   -603.892869  1  4  3  69       
PG13 -19579.796712   5077.811730  17152.359927    430.999073  6 10  5  75       
PG14  10850.856389 -22242.017729   9304.971560    750.208567  2  5  2  61       
PG15 -26394.382664  -2336.430052  -2503.395899    437.753941  1  3  1  88       
PG16  10752.633585  11127.408962 -21983.272775    318.589294  3  5  4  48       
PG17   5731.530758 -14471.810655  21900.422809   -190.206380  1  2  2  69       
PG18  -8601.088911  16097.403494 -19125.541077   -276.726479  1  3  6  75       
PG19  -8277.706010 -16632.048278  19151.945212    704.697027  4  6  6  69       
PG20 -22380.867807 -10623.945329  -9494.165699    264.340202  4  6  4 102       
PG21  -5860.631527 -15181.482111 -20979.752807    380.387517  5  6  2  74       
PG22   5985.753203 -20986.470535  15672.197845     61.305285  3  3  2  75       
PG23 -16177.732123  20807.740413   1602.767441    680.699509  5  5  2  56       
PG24 -17958.501503  -7608.657384  17616.578051    167.764096  5  3  2  75       
PG25 -19496.127486  16622.855859   6098.343629    396.529832  4  3  2  81       
PG26   2942.835589  19305.181995 -18069.117453   -389.519284  4  2  2  59       
PG27  19614.838125  12995.786494 -13097.004487      0.505751  2  5  3  50       
PG28   3721.947480  25185.221566   7528.505541   -438.586208  7  8  5  50       
PG29 -20202.888477   6249.068214 -16202.489782   -259.575366  2  4  2  76       
PG30    491.223384 -23730.334891 -11450.448757    335.126137  6  6  6  68       
PG31   9861.904585  24346.250283  -2950.296415   -127.094035  3  7  3  74       
PG32   1180.016499  15470.922327  21855.860017    224.562151  5  5  2  84       
*  2026  8 19  7 30  0.00000000
PG01  16551.458173   4352.236274  20322.412647    193.319629  7  5  4  85       
PG02  18544.111573  12184.896625  15402.291083    159.923419  6  4  2  87       
PG03  19188.023660  -6543.958112  16898.125238    315.056695  4  3  3  80       
PG04  25888.630621     13.829929  -6324.108698     64.183140  3  5  3  55       
PG05 -13550.935222  -6397.222647 -22103.333848   -236.102903  3  5  1  92       
PG06  -3996.256792 -24977.990165   7902.955561   -547.115968  3  4  4  68       
PG07  10784.118805 -11951.899547 -20429.252404   -216.876988  5  5  5  80       
PG08  25639.422576   5915.186104  -5392.971007    369.913561  4  3  2  79       
PG09  20005.724442  -8605.983415 -15370.022788    698.125882  3  3  3  56       
PG10  -9402.725720  22582.059645  10171.763155   -548.797504  4  5  1  55       
PG11 -11759.614769 -23479.860396  -4224.350124   -237.487854  4  8  4  81       
PG12 -19664.370732   4152.304843  17085.705500   -603.892536  2  4  4  77       
PG13 -18450.480254   3340.365984  18747.388087    431.003510  7 10  5  89       
PG14  11673.311590 -22741.900087   6674.048530    750.208499  3  5  2  75       
PG15 -26013.435993  -2631.533469  -5279.975193    437.756486  2  3  2  80       
PG16   9038.524419  12839.606934 -21779.485364    318.595332  3  5  4  52       
PG17   8076.308574 -13932.360196  21525.982696   -190.210706  1  2  2  84       
PG18  -9468.975943  13989.430449 -20356.869303   -276.718449  1  3  6  81       
PG19  -6080.405766 -16135.382085  20311.240489    704.697120  3  6  6  75       
PG20 -21125.018521 -10670.485117 -11979.692958    264.349137  4  7  4 101       
PG21  -4276.842977 -16914.130385 -20011.621943    380.381203  5  7  2  76       
PG22   7237.335705 -22018.949242  13569.262685     61.312653  3  2  2  71       
PG23 -16334.863418  20692.448638  -1326.920010    680.702815  5  5  2  56       
PG24 -18706.067841  -9487.634421  15930.494744    167.780035  5  3  2  78       
PG25 -19180.198342  15722.833301   8763.445192    396.526813  4  4  2  87       
PG26   1684.169017  20816.919450 -16419.018835   -389.520836  4  2  1  72       
PG27  18052.594260  12953.518809 -15231.484906      0.506322  2  4  3  68       
PG28   3126.631170  24335.857214  10142.394045   -438.576559  6  8  5  25       
PG29 -21842.506698   5678.203444 -14168.090158   -259.569065  2  4  2  78       
PG30   1296.618801 -22452.333592 -13723.126821    335.137534  6  6  6  72       
PG31   9633.793669  24578.653943    -95.303140   -127.091482  4  7  2  79       
PG32  -1243.458102  15108.789249  22091.705780    224.579525  5  5  3  79       
*  2026  8 19  7 45  0.00000000
PG01  17237.869516   6507.494659  19150.526042    193.311255  7  6  4  83       
PG02  19190.665014  13614.940774  13262.258765    159.929656  6  5  1  70       
PG03  18039.580327  -4820.929797  18639.531634    315.038787  4  3  3  72       
PG04  26419.606059    291.024116  -3529.312640     64.183502  3  4  3  62       
PG05 -12198.679534  -8488.630064 -22185.516606   -236.103389  4  5  1  93       
PG06  -3425.341573 -24080.314826  10550.205425   -547.107162  2  4  4  57       
PG07  11900.163007  -9699.421149 -21011.831450   -216.880269  4  4  5  77       
PG08  24891.642402   6139.090150  -8042.102805    369.904585  3  3  2  59       
PG09  21603.848712  -8321.438570 -13202.279932    698.118510  2  3  3  66       
PG10 -10116.520697  23274.105631   7470.443483   -548.791668  4  5  1  49       
PG11 -11658.033752 -23874.077689  -1393.924337   -237.476962  4  8  5  79       
PG12 -18446.949054   2436.831933  18673.559406   -603.891590  2  4  4  80       
PG13 -17322.023669   1411.063087  20018.160243    431.007901  7  9  4  76       
PG14  12289.413063 -23036.003889   3926.436530    750.208349  3  5  2  79       
PG15 -25342.945709  -2962.326282  -7966.884114    437.759334  2  4  2  89       
PG16   7441.503243  14610.496784 -21212.900880    318.601532  3  5  4  64       
PG17  10383.741711 -13527.110683  20794.302279   -190.214956  2  3  2  72       
PG18 -10493.485921  11822.057075 -21233.661903   -276.710387  2  3  5  74       
PG19  -3746.275922 -15730.558392  21124.275084    704.697598  2  6  6  62       
PG20 -19603.645655 -10760.883572 -14258.252646    264.358112  4  8  4 106       
PG21  -2863.980606 -18624.719793 -18698.707242    380.374847  5  7  2  83       
PG22   8271.731517 -22929.437339  11240.467442     61.320513  3  2  2  55       
PG23 -16308.121786  20311.492573  -4233.335669    680.706115  5  4  1  61       
PG24 -19435.886292 -11142.760385  13963.263388    167.795996  5  4  2  82       
PG25 -18741.969505  14561.988784  11273.248168    396.523802  4  4  3  88       
PG26    594.962970  22214.075127 -14486.582798   -389.522400  3  2  1  49       
PG27  16268.355014  12972.983983 -17114.707520      0.505725  2  4  3  80       
PG28   2364.327777  23260.563146  12581.516531   -438.566846  6  8  5  51       
PG29 -23269.955338   5236.457448 -11892.233287   -259.562613  2  4  2  75       
PG30   2264.728867 -20991.128115 -15753.840449    335.148897  6  6  6  75       
PG31   9289.705613  24523.065859   2761.330142   -127.088963  5  7  2  67       
PG32  -3690.356179  14878.180323  21957.227611    224.596954  6  5  4  88       
*  2026  8 19  8  0  0.00000000
PG01  17973.594375   8485.358017  17649.651524    193.302945  7  6  4  79       
PG02  19777.152312  14799.416024  10905.170665    159.936020  6  5  1  68       
PG03  16892.290209  -2883.032216  20053.727344    315.020862  4  3  3  72       
PG04  26646.753053    514.684939   -674.415268     64.183904  3  4  3  51       
PG05 -10971.100751 -10642.204546 -21892.051446   -236.103575  3  6  2  94       
PG06  -2676.899601 -22955.754221  13014.906171   -547.098325  2  4  5  33       
PG07  13144.290581  -7466.132045 -21210.078587   -216.883172  4  4  5  46       
PG08  23868.710749   6403.596851 -10557.534363    369.895667  3  2  2  72       
PG09  22958.063144  -8124.805495 -10809.637149    698.111157  2  3  3  61       
PG10 -10621.252113  23740.479324   4639.036190   -548.785881  4  6  1  41       
PG11 -11439.757436 -23982.678482   1460.378905   -237.466050  4  8  5  44       
PG12 -17222.023915    528.401408  19932.773824   -603.891033  2  4  3  78       
PG13 -16232.347748   -682.396128  20942.508941    431.012352  8  9  4  85       
PG14  12719.657483 -23093.882229   1110.046222    750.208286  3  5  2  47       
PG15 -24401.014852  -3361.790385 -10519.314998    437.762011  2  4  2  88       
PG16   5985.890222  16400.117603 -20291.436723    318.607402  2  4  4  54       
PG17  12608.124296 -13253.370577  19717.876564   -190.219541  2  3  2  75       
PG18 -11666.139230   9644.215605 -21741.424624   -276.702309  2  3  5  84       
PG19  -1318.156158 -15436.701683  21575.565401    704.697559  2  6  6  59       
PG20 -17844.216519 -10926.975185 -16290.363590    264.367145  5  8  4 104       
PG21  -1634.432228 -20267.727139 -17063.536411    380.368595  6  7  2  65       
PG22   9094.581784 -23677.844055   8724.259761     61.328294  4  2  3  63       
PG23 -16133.699134  19647.878060  -7065.470482    680.709480  5  4  2  56       
PG24 -20110.049975 -12558.069074  11751.257935    167.811987  5  4  3  74       
PG25 -18220.473142  13141.585602  13582.653056    396.520758  4  4  3  96       
PG26   -328.568448  23454.867918 -12303.931002   -389.523971  3  2  1  73       
PG27  14293.914189  13081.122273 -18715.719715      0.505325  2  4  4  64       
PG28   1417.655549  21996.423097  14803.879336   -438.557137  6  7  5  68       
PG29 -24451.854751   4899.431815  -9413.810603   -259.556076  2  4  2  74       
PG30   3403.983080 -19388.045092 -17506.695511    335.160276  6  6  6  72       
PG31   8796.866040  24196.121199   5569.368071   -127.086481  5  6  3  64       
PG32  -6112.588338  14781.492358  21454.091461    224.614318  6  5  4  88       
*  2026  8 19  8 15  0.00000000
PG01  18724.080955  10256.200238  15845.771162    193.294575  8  7  4  83       
PG02  20263.628987  15734.290021   8369.437586    159.942210  7  5  1  69       
PG03  15787.576086   -758.830950  21115.684954    315.002862  4  3  3  89       
PG04  26562.827222    722.378237   2191.964643     64.184249  3  4  3  57       
PG05  -9888.868465 -12812.884174 -21227.766101   -236.104031  3  6  2  94       
PG06  -1733.523016 -21643.970581  15254.713864   -547.089451  2  5  5  39       
PG07  14494.096590  -5299.039149 -21021.386823   -216.886340  4  4  5  61       
PG08  22590.868445   6740.328903 -12897.528073    369.886686  3  2  2  77       
PG09  24041.311436  -7984.649015  -8232.716408    698.103837  3  3  2  74       
PG10 -10941.413626  23947.494411   1726.528072   -548.780057  4  6  2  67       
PG11 -11071.270152 -23822.109500   4289.696313   -237.455240  4  8  5  55       
PG12 -16029.025115  -1545.982363  20840.646024   -603.890479  2  4  3  80       
PG13 -15214.822151  -2905.450456  21504.273091    431.016770  8  9  4  81       
PG14  12990.622290 -22891.424605  -1725.811588    750.208194  3  5  2  47       
PG15 -23212.934051  -3859.246889 -12895.225046    437.764808  3  5  2 104       
PG16   4688.939327  18165.146185 -19028.880818    318.613682  2  4  4  44       
PG17  14705.574204 -13100.793636  18314.681573   -190.224425  3  3  2  74       
PG18 -12970.304029   7503.192217 -21872.186217   -276.694299  3  3  4  75       
PG19   1157.507026 -15265.664362  21655.680103    704.697762  2  6  6  65       
PG20 -15881.197145 -11195.551858 -18040.790298    264.376254  6  9  3  99       
PG21   -592.227005 -21797.416224 -15134.211612    380.362304  6  7  2  81       
PG22   9719.089159 -24227.068663   6062.273562     61.335848  4  2  3  48       
PG23 -15851.496868  18693.493772  -9773.590779    680.712779  5  3  2  69       
PG24 -20690.109308 -13726.208259   9334.694567    167.827978  6  4  3  79       
PG25 -17655.346223  11471.835747  15649.985605    396.517735  4  3  3 101       
PG26  -1097.516042  24500.336148  -9907.829623   -389.525571  3  2  1  76       
PG27  12166.356937  13299.111879 -20008.027768      0.505457  2  3  4  73       
PG28    276.768461  20584.756741  16771.241814   -438.547465  5  7  5  67       
PG29 -25361.463857   4637.420019  -6775.094526   -259.549536  2  4  2  68       
PG30   4714.932267 -17687.061504 -18950.808913    335.171534  6  6  5  79       
PG31   8127.286719  23622.240601   8279.120463   -127.083860  5  6  3  54       
PG32  -8462.414482  14813.050983  20590.016401    224.631665  6  4  4  84       
*  2026  8 19  8 30  0.00000000
PG01  19451.186702  11797.875002  13770.019440    193.286256  8  7  4  82       
PG02  20611.067867  16423.498504   5696.363615    159.948601  7  5  1  72       
PG03  14762.158412   1515.451910  21806.669843    314.984935  4  4  3  87       
PG04  26169.441056    952.244678   5021.052923     64.184665  3  4  3  70       
PG05  -8964.693443 -14953.108409 -20203.676292   -236.104445  3  7  2  96       
PG06   -585.787970 -20188.793255  17231.299551   -547.080646  2  5  5  73       
PG07  15920.210820  -3240.710640 -20450.601783   -216.889244  3  4  6  79       
PG08  21085.154246   7176.850583 -15023.177795    369.877747  4  2  2  71       
PG09  24834.281617  -7865.748205  -5515.322769    698.096510  3  4  2  68       
PG10 -11107.887813  23868.591553  -1216.260482   -548.774289  3  6  2  67       
PG11 -10523.615557 -23416.339698   7045.656365   -237.444377  4  8  5   2       
PG12 -14903.115210  -3752.100429  21380.757587   -603.889762  2  4  3  61       
PG13 -14296.999254  -5217.816499  21693.592958    431.021189  8  9  4  90       
PG14  13133.739249 -22411.929945  -4531.333872    750.208126  3  5  3  50       
PG15 -21810.205651  -4479.118879 -15055.929111    437.767531  4  5  3 112       
PG16   3560.285003  19860.379815 -17444.790275    318.619671  2  3  4  84       
PG17  16635.475802 -13051.850872  16607.901836   -190.229000  3  3  2  74       
PG18 -14381.756897   5442.952359 -21624.581301   -276.686234  4  3  4  83       
PG19   3632.218952 -15221.496684  21361.514561    704.698232  2  7  6  68       
PG20 -13754.862097 -11587.172555 -19479.167054    264.385308  6  9  3  92       
PG21    266.937163 -23169.532643 -12943.929235    380.356008  6  7  2  76       
PG22  10165.373557 -24544.426670   3298.722345     61.343787  4  3  4  76       
PG23 -15503.398673  17449.588110 -12310.165145    680.716133  5  3  2  81       
PG24 -21138.642530 -14648.401454   6756.797277    167.843981  6  5  4  80       
PG25 -17085.139491   9571.734119  17437.852067    396.514685  4  3  3  97       
PG26  -1729.701084  25315.843904  -7339.115976   -389.527199  3  2  2  70       
PG27   9926.863643  13641.488445 -20969.983083      0.505199  3  3  5  73       
PG28  -1060.065469  19069.551494  18449.773836   -438.537730  5  6  5  71       
PG29 -25979.615520   4416.724568  -4021.036473   -259.543290  2  4  2  63       
PG30   6190.029501 -15933.129368 -20060.890062    335.182890  6  6  5  66       
PG31   7259.123067  22832.647517  10842.392772   -127.081577  5  5  4  57       
PG32 -10694.045705  14959.329239  19378.703370    224.649020  6  4  4  64       
*  2026  8 19  8 45  0.00000000
PG01  20114.690442  13096.360911  11458.142002    193.277907  8  7  3  84       
PG02  20782.860611  16878.668897   2929.585183    159.955130  7  5  1  78       
PG03  13846.621589   3897.168893  22114.594341    314.966966  4  4  4  87       
PG04  25477.004461   1241.351624   7764.722878     64.185021  3  4  3  83       
PG05  -8202.958164 -17014.463405 -18836.824353   -236.104790  4  7  2  95       
PG06    767.204252 -18636.538067  18910.993433   -547.071842  2  5  5  60       
PG07  17387.460767  -1327.735159 -19509.814464   -216.892267  4  4  6  70       
PG08  19384.497572   7735.483345 -16898.989047    369.868822  4  2  3  72       
PG09  25326.062176  -7730.609018  -2703.726948    698.089186  4  4  2  73       
PG10 -11156.574758  23485.527335  -4137.596126   -548.768528  3  5  2  74       
PG11  -9773.685222 -22795.856696   9681.190849   -237.433506  4  8  5  44       
PG12 -13873.823762  -6049.664286  21543.313202   -603.889170  2  4  2  86       
PG13 -13499.587460  -7574.855385  21507.092710    431.025583  8  9  4  90       
PG14  13183.871659 -21646.897015  -7257.153344    750.208038  3  5  3  57       
PG15 -20229.373701  -5239.900245 -16966.616421    437.769838  4  6  3  98       
PG16   2601.668732  21440.324382 -15564.300081    318.625686  2  3  4  67       
PG17  18361.812572 -13082.567615  14625.594778   -190.233811  3  3  2  68       
PG18 -15869.547280   3502.616940 -21003.812127   -276.678193  4  3  5  90       
PG19   6057.099175 -15300.225787  20696.462784    704.698689  2  7  6  76       
PG20 -11509.885202 -12115.224945 -20580.536502    264.394332  6  9  3  94       
PG21    955.338355 -24342.955225 -10530.409672    380.349590  6  7  2  77       
PG22  10459.573301 -24602.939800    479.744220     61.351419  4  2  4  46       
PG23 -15131.471997  15926.876991 -14630.748280    680.719496  4  1  3  94       
PG24 -21420.761625 -15334.079641   4062.950518    167.859957  6  5  4  64       
PG25 -16545.671943   7468.528256  18913.913211    396.511659  4  3  3 106       
PG26  -2248.822404  25872.452052  -4642.027820   -389.528866  2  2  2  72       
PG27   7619.374079  14115.505949 -21585.114513      0.504962  3  3  5  72       
PG28  -2586.202924  17495.805268  19810.635615   -438.528065  4  5  4  86       
PG29 -26295.377408   4201.128315  -1198.523784   -259.536921  2  4  2  59       
PG30   7813.747345 -14170.475379 -20817.705945    335.194232  6  5  5  72       
PG31   6177.795855  21864.109852  13213.425727   -127.079162  5  5  4  79       
PG32 -12765.188971  15199.469498  17839.676873    224.666371  6  4  4  67       
*  2026  8 19  9  0  0.00000000
PG01  20673.894218  14146.097099   8949.879481    193.269521  8  8  3  80       
PG02  20746.256289  17118.579141    114.472928    159.961759  7  5  1  70       
PG03  13064.241875   6338.740624  22034.238961    314.949004  4  3  4  94       
PG04  24504.346592   1624.087498  10376.286573     64.185411  3  4  4  91       
PG05  -7599.667310 -18949.372008 -17150.025479   -236.105163  3  7  3  88       
PG06   2317.622085 -17034.251547  20265.339791   -547.063036  2  5  4  64       
PG07  18856.282308    410.531307 -18217.981157   -216.895432  4  4  6  45       
PG08  17526.610370   8432.313273 -18493.417919    369.859886  4  2  3  66       
PG09  25514.492690  -7541.074378    154.097954    698.081786  4  4  2  75       
PG10 -11126.804622  22789.252113  -6985.797695   -548.762738  2  5  2  84       
PG11  -8805.286324 -21996.429109  12151.321080   -237.422615  4  7  5  33       
PG12 -12963.921364  -8393.716492  21325.344759   -603.888609  2  4  2  65       
PG13 -12835.704764  -9929.115382  20947.946560    431.030022  8  9  4  84       
PG14  13177.754137 -20596.496641  -9855.265273    750.207933  3  4  3  62       
PG15 -18510.705638  -6153.360331 -18596.792275    437.772507  5  6  3  95       
PG16   1806.963119  22860.833838 -13417.835694    318.631803  2  2  4  77       
PG17  19854.345458 -13163.501138  12400.293781   -190.238703  3  3  3  69       
PG18 -17397.128288   1715.146423 -20021.494314   -276.670187  5  3  5  99       
PG19   8384.585760 -15489.960694  19670.475775    704.698940  3  6  5  76       
PG20  -9193.765705 -12785.276998 -21325.792449    264.403393  7  9  3  84       
PG21   1492.561573 -25281.240035  -7935.246720    380.343356  5  6  2  63       
PG22  10632.719886 -24382.442240  -2347.296855     61.358954  5  2  4  34       
PG23 -14776.173747  14145.277456 -16694.801818    680.722876  4  1  3  92       
PG24 -21505.496730 -15800.211508   1299.859104    167.875921  6  4  4  78       
PG25 -16068.504474   5196.842200  20051.553921    396.508646  4  3  3 102       
PG26  -2683.353930  26148.094787  -1863.443934   -389.530556  2  3  2  69       
PG27   5289.154497  14720.761678 -21842.403734      0.505508  3  3  5  61       
PG28  -4286.691624  15907.844346  20830.470125   -438.518350  5  5  4  83       
PG29 -26306.414243   3953.464428   1644.393593   -259.530339  2  5  2  56       
PG30   9563.026309 -12440.946888 -21208.419804    335.205557  6  5  4  79       
PG31   4876.824501  20757.455977  15349.799904   -127.076883  6  4  4  65       
PG32 -14638.479241  15506.094050  15998.037459    224.683759  6  3  4  83       
*  2026  8 19  9 15  0.00000000
PG01  21089.253238  14949.998245   6288.286983    193.261081  7  8  3  69       
PG02  20473.689043  17168.366052  -2702.502522    159.968134  7  5  1  59       
PG03  12430.125260   8789.350200  21567.336040    314.931036  4  3  4  80       
PG04  23278.033146   2130.658932  12811.263274     64.185792  3  4  4  87       
PG05  -7142.721172 -20712.767454 -15171.523308   -236.105312  3  7  3  79       
PG06   4049.040468 -15427.948609  21271.554935   -547.054285  2  5  3  53       
PG07  20284.307391   1952.881322 -16600.391577   -216.898420  5  4  6  70       
PG08  15552.714687   9276.425308 -19779.364019    369.850935  4  2  3  66       
PG09  25406.194224  -7259.970941   3009.274625    698.074439  4  3  2  69       
PG10 -11059.598073  21780.432959  -9710.224127   -548.756959  1  4  2  81       
PG11  -7609.948091 -21057.682470  14413.906811   -237.411739  4  7  5  44       
PG12 -12188.581884 -10736.229356  20730.774619   -603.887878  2  4  2  71       
PG13 -12310.442188 -12231.990548  20025.826817    431.034432  8  9  5  77       
PG14  13152.360508 -19269.703793 -12279.931495    750.207847  3  4  3  31       
PG15 -16696.773793  -7224.005218 -19920.647107    437.775221  6  6  3  89       
PG16   1162.501290  24080.742253 -11040.724694    318.638035  2  2  4  65       
PG17  21089.597126 -13260.926884   9968.551480   -190.243313  4  2  3  65       
PG18 -18923.706639    106.280337 -18695.393633   -276.662150  6  3  5  87       
PG19  10570.115120 -15771.327454  18299.996977    704.699195  4  6  5  59       
PG20  -6855.150945 -13594.744961 -21702.018461    264.412501  7  8  3  74       
PG21   1904.542428 -25953.996734  -5203.187836    380.337015  5  6  2  70       
PG22  10719.423014 -23870.460355  -5134.547840     61.366807  5  2  4  11       
PG23 -14474.635284  12133.278310 -18466.433934    680.726236  5  1  3  83       
PG24 -21367.010452 -16070.370797  -1485.267836    167.891941  6  4  4  88       
PG25 -15679.601654   2797.489981  20830.428230    396.505609  4  3  3  93       
PG26  -3065.233473  26128.508505    947.951750   -389.532198  2  3  2  64       
PG27   2981.313698  15449.100611 -21736.499849      0.505226  3  2  5  82       
PG28  -6138.662067  14347.681261  21491.800028   -438.508656  5  5  3  98       
PG29 -26019.038130   3637.225878   4459.295529   -259.524126  1  5  2  65       
PG30  11408.034746 -10782.472908 -21226.797270    335.216888  6  4  4  64       
PG31   3358.331515  19555.926671  17213.281012   -127.074241  5  4  3  80       
PG32 -16282.746187  15846.379363  13884.123492    224.701097  5  3  4  56       
*  2026  8 19  9 30  0.00000000
PG01  21323.971520  15519.150020   3519.000679    193.252688  7  8  3  79       
PG02  19943.948572  17058.505261  -5474.438963    159.974502  6  5  1  69       
PG03  11950.690025  11196.768471  20722.514895    314.913063  4  3  4  83       
PG04  21831.404236   2785.747202  15028.114042     64.186198  3  4  4  65       
PG05  -6812.503553 -22263.689676 -12934.557520   -236.105667  3  7  3  90       
PG06   5936.912195 -13860.911452  21912.882674   -547.045513  2  5  1  76       
PG07  21628.052236   3286.804381 -14688.010968   -216.901484  6  4  7  80       
PG08  13506.147856  10269.392465 -20734.612323    369.842007  4  2  4  57       
PG09  25016.276493  -6852.729635   5812.842645    698.067131  4  3  3  81       
PG10 -10995.847231  20469.592735 -12262.261137   -548.751177  1  3  2  82       
PG11  -6187.436544 -20021.543065  16430.346564   -237.400797  4  6  4  68       
PG12 -11554.868507 -13027.835049  19770.336058   -603.887433  2  4  2  85       
PG13 -11920.754303 -14435.430801  18756.734505    431.038838  9  9  5  79       
PG14  13143.268936 -17684.082514 -14488.540288    750.207775  3  4  3  61       
PG15 -14830.985641  -8448.807601 -20917.356099    437.777772  6  6  3  97       
PG16    647.708372  25063.426585  -8472.704528    318.643769  2  1  4  65       
PG17  22051.607744 -13338.194618   7370.424808   -190.247578  4  2  3  58       
PG18 -20405.757062  -1306.231295 -17049.062641   -276.654077  6  3  5  89       
PG19  12573.709219 -16118.224817  16607.767944    704.699242  5  6  5  57       
PG20  -4542.120804 -14532.891516 -21702.715871    264.421625  6  8  3  64       
PG21   2222.361359 -26338.043554  -2381.357893    380.330525  5  6  2  62       
PG22  10756.410252 -23062.829297  -7834.434065     61.374618  5  2  4  28       
PG23 -14259.097938   9926.974638 -19915.042099    680.729588  5  1  4  86       
PG24 -20985.603066 -16173.586673  -4245.495722    167.908020  6  4  4  75       
PG25 -15398.242042    316.029495  21236.863873    396.502599  4  3  3 100       
PG26  -3428.394194  25807.868594   3742.566523   -389.533825  3  3  2  55       
PG27    739.316478  16284.806501 -21267.868437      0.504798  3  2  5  86       
PG28  -8112.029912  12853.475810  21783.322741   -438.498954  5  5  2  87       
PG29 -25447.944905   3218.153845   7198.191777   -259.517575  1  5  2  55       
PG30  13313.206934  -9227.702994 -20873.277735    335.228232  6  3  3  67       
PG31   1633.192270  18303.433133  18770.582716   -127.071474  5  3  3  80       
PG32 -17674.066829  16183.358954  11533.081827    224.718418  5  3  4  73       
*  2026  8 19  9 45  0.00000000
PG01  21345.502278  15872.197983    689.463603    193.244327  7  7  2  79       
PG02  19143.150196  16823.592472  -8154.702137    159.980719  6  5  1  69       
PG03  11623.513476  13509.234991  19515.111322    314.895126  3  2  4  92       
PG04  20203.368025   3607.374802  16988.931889     64.186557  3  4  4  78       
PG05  -6582.764333 -23566.745039 -10476.847245   -236.106070  3  6  2  80       
PG06   7949.353752 -12372.114052  22178.843809   -547.036712  3  5  1  43       
PG07  22844.628431   4408.657137 -12516.724741   -216.904512  6  4  7  66       
PG08  11430.891591  11405.040705 -21342.218211    369.833075  3  2  4  56       
PG09  24367.730849  -6288.917368   8516.589695    698.059840  4  2  3  57       
PG10 -10974.495274  18876.853222 -14596.281175   -548.745405  1  3  2  71       
PG11  -4545.957961 -18930.608620  18166.219026   -237.389937  4  5  4  66       
PG12 -11061.564642 -15219.614514  18461.353123   -603.886848  2  3  1  74       
PG13 -11655.680830 -16493.636592  17162.715608    431.043262  9  9  6  84       
PG14  13183.093680 -15865.231975 -16442.401970    750.207747  3  3  3  65       
PG15 -12956.111265  -9817.208887 -21571.312767    437.780514  6  6  3  89       
PG16    236.019824  25778.237323  -5757.326108    318.649968  2  1  4  39       
PG17  22732.434291 -13357.209824   4648.903578   -190.252470  4  2  3  74       
PG18 -21798.641333  -2513.080121 -15111.387112   -276.646034  6  4  5  88       
PG19  14361.403121 -16498.876544  14622.500642    704.699549  5  6  4  60       
PG20  -2300.500693 -15581.154729 -21327.916948    264.430716  6  7  3  79       
PG21   2480.836123 -26418.295606    481.559759    380.324173  4  6  2  66       
PG22  10780.972386 -21964.017793 -10400.448211     61.382207  5  2  4  63       
PG23 -14155.563145   7568.807266 -21015.846297    680.732956  5  1  4  82       
PG24 -20348.479696 -16143.028019  -6934.896664    167.924132  5  4  4  99       
PG25 -15236.225552  -2198.879820  21264.115389    396.499641  4  3  3  97       
PG26  -3807.198955  25189.101266   6470.836498   -389.535458  3  4  2  71       
PG27  -1396.455814  17205.078413 -20442.869533      0.504668  3  2  5  81       
PG28 -10170.482292  11458.158074  21700.099069   -438.489209  5  5  2  83       
PG29 -24615.645840   2665.745027   9814.318018   -259.511040  1  5  2  63       
PG30  15238.514456  -7802.878165 -20154.912570    335.239554  6  3  3  48       
PG31   -279.179443  17042.796424  19994.026045   -127.068929  5  2  3  83       
PG32 -18796.561646  16477.410420   8984.348431    224.735790  4  3  4  61       
*  2026  8 19 10  0  0.00000000
PG01  21126.895864  16034.454437  -2151.876722    193.235899  6  7  2  55       
PG02  18065.465554  16500.963322 -10697.651629    159.987239  6  5  1  59       
PG03  11437.546461  15677.317654  17966.847785    314.877155  3  2  3  83       
PG04  18436.994195   4606.025528  18660.077267     64.186995  3  3  4  88       
PG05  -6421.765913 -24593.374331  -7839.995378   -236.106506  2  6  2  75       
PG06  10048.213889 -10994.830878  22065.378137   -547.027867  3  5  1  53       
PG07  23893.402557   5323.463547 -10126.515000   -216.907679  7  4  6  67       
PG08   9370.074546  12669.501808 -21590.829325    369.824115  3  2  4  54       
PG09  23490.530151  -5543.619819  11073.879278    698.052530  4  2  3  75       
PG10 -11030.794487  17031.288401 -16670.550965   -548.739570  2  2  2  82       
PG11  -2702.043005 -17826.507250  19591.856016   -237.379012  4  5  3  66       
PG12 -10699.355170 -17264.870160  16827.386278   -603.886487  2  3  1  71       
PG13 -11496.890032 -18364.671924  15271.468287    431.047636  9  8  6  87       
PG14  13300.049811 -13845.916882 -18107.462020    750.207672  3  3  3  66       
PG15 -11112.854913 -11311.389234 -21872.299723    437.783822  6  6  3  87       
PG16   -103.941094  26201.735757  -2941.256382    318.655876  2  1  4  38       
PG17  23132.372826 -13279.990653   1849.285068   -190.257133  4  1  3  93       
PG18 -23058.269463  -3513.523228 -12916.053113   -276.637987  7  4  5  87       
PG19  15906.450187 -16877.142369  12378.416697    704.699901  6  6  3  73       
PG20   -172.268634 -16713.795183 -20584.181259    264.439820  6  6  3  90       
PG21   2716.968261 -26188.351706   3336.170209    380.317893  4  5  2  66       
PG22  10829.370972 -20587.141768 -12787.949766     61.390027  5  3  4  66       
PG23 -14182.711334   5106.060295 -21750.303337    680.736336  6  1  4  91       
PG24 -19450.260333 -16014.574655  -9509.228447    167.940300  6  5  4 108       
PG25 -15197.411897  -4697.242972  20912.460318    396.496649  4  3  3  91       
PG26  -4234.843958  24283.851294   9084.183341   -389.537075  3  4  3  66       
PG27  -3390.047780  18180.782513 -19273.758293      0.504735  3  2  5  79       
PG28 -12272.710458  10188.265918  21243.632641   -438.479491  5  5  2  81       
PG29 -23551.615124   1954.620544  12262.916090   -259.504556  1  5  2 100       
PG30  17140.916618  -6526.976997 -19085.175346    335.250922  6  3  3  48       
PG31  -2351.402647  15814.044999  20862.077595   -127.066208  4  2  2  72       
PG32 -19642.899616  16687.873786   6281.041905    224.753151  3  3  4  64       
*  2026  8 19 10 15  0.00000000
PG01  20647.943861  16036.758227  -4956.385894    193.227533  6  7  2  62       
PG02  16713.580821  16129.196173 -13059.386375    159.993294  5  4  1  75       
PG03  11373.683472  17655.675823  16105.393783    314.859195  3  2  3  86       
PG04  16577.958728   5784.052451  20012.749153     64.187394  3  3  4  89       
PG05  -6293.652512 -25322.879848  -5068.820400   -236.106340  2  6  2  65       
PG06  12190.382999  -9755.480674  21574.879152   -547.019058  4  4  1  57       
PG07  24737.536855   6044.369534  -7560.597329   -216.910723  8  3  6  47       
PG08   7364.499932  14041.557546 -21474.937302    369.815168  3  3  4  73       
PG09  22420.467980  -4598.620164  13440.460802    698.045253  3  1  3  84       
PG10 -11194.720065  14969.912290 -18448.061791   -548.733731  2  2  2  59       
PG11   -680.115196 -16748.306353  20682.838556   -237.368095  4  4  3  36       
PG12 -10451.347817 -19120.808569  14897.754037   -603.885573  2  2  1  66       
PG13 -11419.521601 -20011.932750  13115.848647    431.052057  9  8  7  77       
PG14  13516.711041 -11664.919191 -19454.916142    750.207605  3  3  3  71       
PG15  -9338.515160 -12906.793940 -21815.599234    437.786437  5  5  4  75       
PG16   -406.966930  26318.681081    -73.487042    318.662025  2  1  4  43       
PG17  23259.891516 -13070.246767   -981.501998   -190.261704  4  1  2  63       
PG18 -24142.740272  -4315.178964 -10500.946007   -276.629969  7  4  4  87       
PG19  17190.249974 -17214.036620   9914.658329    704.699827  6  6  2  80       
PG20   1805.881814 -17898.835966 -19484.475478    264.448908  5  6  3  82       
PG21   2968.305080 -25650.756654   6133.226566    380.311554  3  5  2  51       
PG22  10935.268282 -18953.658139 -14954.961853     61.397588  5  2  4  81       
PG23 -14351.131515   2589.179304 -22106.396288    680.739742  6  2  4  86       
PG24 -18293.223415 -15825.329264 -11926.556846    167.956516  6  5  5  89       
PG25 -15277.607947  -7129.541301  20189.138668    396.493639  4  4  3  83       
PG26  -4741.801125  23112.101894  11535.966093   -389.538695  3  4  3  81       
PG27  -5211.126991  19177.459540 -17778.601834      0.504319  3  2  5  64       
PG28 -14373.841757   9063.041003  20421.839196   -438.469781  4  5  3  88       
PG29 -22291.184018   1065.703860  14501.986562   -259.498073  2  5  2  69       
PG30  18975.929152  -5411.167456 -17683.652328    335.262296  7  2  3  56       
PG31  -4549.033053  14652.844342  21359.752815   -127.063848  4  2  2  82       
PG32 -20214.487483  16774.741472   3469.275085    224.770515  3  3  4  66       
*  2026  8 19 10 30  0.00000000
PG01  19896.075703  15914.131652  -7676.062402    193.219237  5  6  2  51       
PG02  15098.856654  15746.548517 -15198.500643    159.999894  5  4  1  67       
PG03  11405.661191  19404.656866  13963.818624    314.841239  3  2  2  80       
PG04  14672.897152   7135.397908  21023.482554     64.187819  3  3  4  86       
PG05  -6159.992269 -25743.170405  -2210.623856   -236.106640  2  5  2  62       
PG06  14329.292895  -8672.746692  20716.123237   -547.010229  4  4  2  74       
PG07  25345.353072   6591.790484  -4864.543849   -216.913736  8  3  4  65       
PG08   5451.250381  15493.268934 -20995.051945    369.806226  3  3  4  50       
PG09  21197.780145  -3443.325708  15575.247582    698.037993  3  1  3  82       
PG10 -11489.610467  12736.343195 -19897.259834   -548.727931  3  2  2  81       
PG11   1488.240966 -15731.031208  21420.408592   -237.357178  5  3  2  73       
PG12 -10293.909468 -20750.064173  12706.944118   -603.884798  1  2  1  66       
PG13 -11393.294751 -21405.413593  10733.284661    431.056466  9  8  7  81       
PG14  13849.011795  -9365.659884 -20461.714798    750.207557  3  3  3  62       
PG15  -7665.774899 -14572.897822 -21402.045326    437.789093  4  5  4  81       
PG16   -709.702607  26122.718156   2795.539105    318.668081  3  1  3  65       
PG17  23131.271382 -12694.923911  -3795.619241   -190.266236  3  2  2  72       
PG18 -25013.900563  -4933.507282  -7907.492888   -276.621924  7  5  4  88       
PG19  18202.954728 -17469.392302   7274.580436    704.700343  6  6  1  66       
PG20   3603.767341 -19099.258524 -18047.939205    264.458033  5  5  3  88       
PG21   3271.282003 -24816.928681   8824.486632    380.305274  3  4  2  60       
PG22  11128.241553 -17092.741937 -16862.950481     61.405701  5  3  3  78       
PG23 -14662.889759     69.979233 -22078.796459    680.743152  7  2  4  92       
PG24 -16887.282570 -15612.122413 -14147.819914    167.972624  7  5  5  83       
PG25 -15464.805018  -9448.511558  19108.141254    396.490662  5  4  4  87       
PG26  -5354.368319  21701.459058  13782.403064   -389.540359  4  4  3  77       
PG27  -6835.989761  20156.558972 -15981.105731      0.504150  3  2  4  85       
PG28 -16427.016358   8093.817306  19248.906577   -438.460111  4  5  4  78       
PG29 -20874.222084    -12.838172  16493.001870   -259.491716  2  5  2  68       
PG30  20699.246720  -4458.581445 -15975.624101    335.273685  7  2  3  63       
PG31  -6831.760069  13589.126207  21478.875217   -127.061158  4  3  2  83       
PG32 -20521.329780  16700.355119    597.392481    224.787860  3  3  4  70       
*  2026  8 19 10 45  0.00000000
PG01  18866.973441  15704.286197 -10264.346484    193.210971  5  6  3  31       
PG02  13241.173089  15389.382909 -17076.838803    160.006184  4  4  1  71       
PG03  11501.245014  20891.664109  11579.950968    314.823233  3  3  2  82       
PG04  12767.727113   8645.638354  21674.563906     64.188236  3  3  4  85       
PG05  -5981.434554 -25851.192873    685.596572   -236.107140  2  5  2  65       
PG06  16416.550124  -7757.004023  19504.096488   -547.001387  5  3  2  64       
PG07  25691.473024   6992.300268  -2085.415111   -216.917095  9  3  3  61       
PG08   3662.421348  16990.874380 -20157.790131    369.797279  3  3  4  74       
PG09  19865.600353  -2075.403562  17441.048272    698.030712  3  1  3  82       
PG10 -11931.094753  10379.201605 -20992.657054   -548.722095  3  2  2  78       
PG11   3765.285924 -14804.348975  21791.789940   -237.346233  5  3  3  62       
PG12 -10197.778745 -22122.002848  10293.930329   -603.884208  1  1  1  59       
PG13 -11383.836641 -22522.723427   8165.109670    431.060855  9  7  7  85       
PG14  14305.533478  -6994.648948 -21110.948167    750.207511  3  3  3  71       
PG15  -6121.658564 -16274.183018 -20638.018193    437.792038  4  4  4  79       
PG16  -1048.977055  25616.727383   5614.867970    318.673820  3  1  3  66       
PG17  22769.961600 -12125.656995  -6545.079696   -190.271130  3  2  2  63       
PG18 -25638.766175  -5390.998194  -5179.959900   -276.613933  7  5  4  86       
PG19  18943.724014 -17603.599993   4504.938046    704.700685  6  6  1  75       
PG20   5198.682441 -20274.407248 -16299.541478    264.467125  5  4  3  87       
PG21   3659.610923 -23706.754937  11363.551157    380.299027  3  4  2  52       
PG22  11432.442713 -15040.362434 -18477.569557     61.413392  5  3  3  74       
PG23 -15111.450153  -2400.185787 -21668.898570    680.746531  7  2  4  90       
PG24 -15249.704105 -15410.060408 -16137.334580    167.988642  7  5  5  76       
PG25 -15739.750686 -11610.816639  17689.857417    396.487655  5  4  4  92       
PG26  -6093.392451  20086.128599  15783.438953   -389.541939  4  4  3  80       
PG27  -8248.334451  21076.861550 -13910.344291      0.503885  4  2  4  86       
PG28 -18385.048620   7283.724787  17745.048045   -438.450419  4  6  4  82       
PG29 -19343.653990  -1284.928674  18201.568467   -259.485184  2  5  2  64       
PG30  22268.354070  -3664.415261 -13991.551169    335.285072  8  3  3  60       
PG31  -9154.844190  12645.975117  21218.187271   -127.058286  4  3  2  86       
PG32 -20581.558746  16431.041901  -2284.855893    224.805203  2  2  4  58       
*  2026  8 19 11  0  0.00000000
PG01  17564.880871  15446.034384 -12676.905242    193.202573  4  5  4  65       
PG02  11168.453098  15090.642062 -18660.234507    160.012688  3  3  1  64       
PG03  11623.651823  22092.244803   8995.661074    314.805222  3  3  1  77       
PG04  10906.002795  10292.355125  21954.356612     64.188670  3  3  3  86       
PG05  -5719.419344 -25653.030142   3569.976817   -236.107050  3  4  2  40       
PG06  18403.641603  -7010.073034  17959.723537   -546.992557  5  2  2  67       
PG07  25757.701669   7277.317461    729.080624   -216.920111  9  3  2  56       
PG08   2024.031654  18495.930514 -18975.871877    369.788352  2  3  4  67       
PG09  18468.309079   -501.097375  19005.237539    698.023422  3  1  3  88       
PG10 -12526.353821   7950.311416 -21715.307190   -548.716248  3  3  2  66       
PG11   6108.368553 -13991.467767  21790.413210   -237.335313  5  3  3  75       
PG12 -10129.404845 -23213.754906   7701.413348   -603.883525  1  2  1  49       
PG13 -11354.177531 -23349.811989   5455.828434    431.065296  9  7  7  82       
PG14  14887.101987  -4599.828130 -21392.106078    750.207467  3  3  3  72       
PG15  -4726.689393 -17971.299968 -19535.380504    437.794823  3  4  4  73       
PG16  -1460.099811  24812.811741   8334.019713    318.679872  3  1  2  72       
PG17  22205.666497 -11340.075353  -9182.539641   -190.275595  3  2  2  62       
PG18 -25990.754216  -5716.102022  -2364.715706   -276.605858  7  5  3  88       
PG19  19420.612848 -17579.345781   1654.987712    704.700905  6  6  1  75       
PG20   6576.072177 -21381.547427 -14269.634785    264.476227  5  3  3  84       
PG21   4162.778251 -22347.870914  13706.668615    380.292724  4  4  2  48       
PG22  11865.461501 -12838.086708 -19769.353792     61.420992  5  3  3  77       
PG23 -15681.947097  -4772.218346 -20884.732636    680.749906  7  2  4  81       
PG24 -13404.580400 -15251.162310 -17863.247005    168.004685  7  5  5  61       
PG25 -16076.824669 -13578.539363  15960.596714    396.484671  5  4  4  89       
PG26  -6973.223060  18305.628852  17503.533707   -389.543560  4  4  2  62       
PG27  -9439.767352  21896.043016 -11600.389886      0.503424  4  2  4  83       
PG28 -20202.109821   6627.718757  15936.153223   -438.440697  4  6  5  89       
PG29 -17743.866938  -2746.216200  19598.026716   -259.478433  3  4  2  75       
PG30  23644.062770  -3016.345816 -11766.477771    335.296460  8  3  3  62       
PG31 -11470.731725  11838.817070  20583.313650   -127.055766  4  3  2  69       
PG32 -20420.646576  15938.622926  -5127.190936    224.822586  2  2  4  59       
*  2026  8 19 11 15  0.00000000
PG01  16002.594651  15177.668537 -14872.381499    193.194188  4  5  4  61       
PG02   8915.870419  14878.434476 -19919.217410    160.019054  2  3  1  77       
PG03  11733.148659  22990.859134   6256.082624    314.787165  2  4  1  81       
PG04   9127.363087  12045.820035  21857.529892     64.189142  4  3  3  87       
PG05  -5337.872157 -25163.657860   6392.645669   -236.107087  3  4  2  56       
PG06  20243.649265  -6425.305858  16109.503784   -546.983768  5  2  2  69       
PG07  25533.630824   7481.648201   3531.386433   -216.923209  9  2  2  70       
PG08    555.155313  19966.659627 -17468.016515    369.779404  3  3  3  81       
PG09  17049.839561   1264.790615  20240.352413    698.016148  3  2  3  87       
PG10 -13273.746567   5502.782912 -22053.136202   -548.710337  3  4  1  85       
PG11   8471.361859 -13308.292657  21416.040567   -237.324418  5  3  4  77       
PG12 -10052.453940 -24010.939646   4975.004717   -603.883052  1  1  1  53       
PG13 -11266.352668 -23881.379369   2652.329914    431.069737  9  6  8  77       
PG14  15586.709836  -2228.874402 -21301.210978    750.207418  4  3  4  71       
PG15  -3494.274391 -19622.376184 -18111.354191    437.797505  2  3  4  64       
PG16  -1975.197247  23731.911856  10903.995611    318.686097  3  2  2  84       
PG17  21473.191869 -10322.906704 -11662.110454   -190.280198  4  3  2  66       
PG18 -26050.682988  -5941.943538    490.528004   -276.597854  7  5  3  59       
PG19  19650.095715 -17363.271216  -1224.474746    704.700712  6  6  2  64       
PG20   7729.885338 -22377.515264 -11993.415244    264.485280  6  3  3  75       
PG21   4804.711988 -20774.652075  15813.492141    380.286394  4  3  2  71       
PG22  12437.443796 -10531.651525 -20714.340900     61.429012  5  3  3  69       
PG23 -16351.793625  -7000.970018 -19740.758635    680.753157  7  2  3  84       
PG24 -11382.080250 -15163.127818 -19297.928651    168.020692  6  5  5  71       
PG25 -16445.175394 -15320.440733  13952.002304    396.481761  5  4  4  82       
PG26  -8000.943321  16403.294653  18912.352103   -389.545166  4  4  2  69       
PG27 -10410.014401  22572.323989  -9089.838535      0.503447  5  2  3  77       
PG28 -21835.368085   6112.932951  13853.342677   -438.431016  5  6  5  44       
PG29 -16119.068326  -4384.028939  20657.977832   -259.472078  3  4  2  73       
PG30  24791.915056  -2495.240070  -9339.368891    335.307835  8  3  3  75       
PG31 -13730.776914  11174.940838  19586.582103   -127.052999  4  3  3  72       
PG32 -20070.326061  15201.729287  -7879.714971    224.839984  2  2  4  73       
*  2026  8 19 11 30  0.00000000
PG01  14201.136903  14935.368513 -16813.094446    193.185816  5  4  4  65       
PG02   6524.760196  14774.791334 -20829.668359    160.025523  2  3  1  71       
PG03  11788.761120  23581.305009   3408.791373    314.769115  2  5  1  84       
PG04   7466.132612  13869.972835  21385.185215     64.189529  5  3  3  93       
PG05  -4804.817247 -24406.365512   9104.598711   -236.107321  3  3  2  66       
PG06  21892.910447  -5988.000697  13985.061396   -546.974913  6  2  3  80       
PG07  25016.953421   7641.946016   6274.843948   -216.926401  9  1  3  79       
PG08   -732.687608  21359.458348 -15658.732992    369.770493  2  3  3  77       
PG09  15652.007246   3199.254858  21124.601772    698.008871  3  3  3  83       
PG10 -14162.814689   3089.060513 -22001.121534   -548.704572  2  4  1  91       
PG11  10806.238210 -12762.871060  20674.787485   -237.313468  4  3  4  75       
PG12  -9929.418749 -24508.057455   2162.373715   -603.882406  2  2  1  63       
PG13 -11083.046884 -24120.954412   -196.938173    431.074191  9  6  8  79       
PG14  16389.762288     72.467664 -20840.825319    750.207370  4  3  4  68       
PG15  -2430.338819 -21184.432835 -16388.335275    437.800343  2  3  4  82       
PG16  -2621.664059  22403.057473  13278.278969    318.691935  4  3  1  84       
PG17  20611.088463  -9066.831443 -13940.177469   -190.284212  4  3  2  71       
PG18 -25807.504997  -6104.869201   3337.488444   -276.589856  7  5  4  48       
PG19  19656.246220 -16927.481121  -4082.114950    704.701262  5  6  3  60       
PG20   8662.595883 -23220.395150  -9510.299337    264.494353  6  2  3  99       
PG21   5602.670331 -19026.957104  17647.775306    380.280145  4  3  3  81       
PG22  13150.508196  -8169.355852 -21294.604558     61.436891  5  3  3  76       
PG23 -17091.597356  -9046.766273 -18257.552113    680.756508  7  2  3  86       
PG24  -9217.502836 -15168.272913 -20418.320075    168.036678  6  5  5  89       
PG25 -16810.063760 -16812.936571  11700.375814    396.478729  5  4  4  86       
PG26  -9175.912377  14424.637924  19985.336472   -389.546748  5  4  2  77       
PG27 -11166.821934  23066.144451  -6421.231534      0.504073  5  2  2  80       
PG28 -23246.523051   5719.341870  11532.433625   -438.421348  6  6  5  48       
PG29 -14511.655735  -6177.652488  21362.727836   -259.465569  3  3  2  78       
PG30  25683.403159  -2076.124279  -6752.395706    335.319232  8  3  3  85       
PG31 -15886.998198  10653.366603  18246.711357   -127.050138  5  4  4  72       
PG32 -19567.258819  14206.867361 -10493.837792    224.857388  2  1  4  78       
*  2026  8 19 11 45  0.00000000
PG01  12189.120709  14751.699411 -18465.680773    193.177428  5  3  4  62       
PG02   4041.264455  14794.651949 -21373.402398    160.031655  2  3  1  79       
PG03  11750.022472  23866.787557    502.957663    314.751086  2  5  2  78       
PG04   5950.129634  15723.656234  20544.875852     64.189907  5  3  3  94       
PG05  -4093.843666 -23411.860827  11658.570863   -236.107587  3  3  2  73       
PG06  23312.563103  -5676.126868  11622.616275   -546.966047  6  1  3  77       
PG07  24213.488975   7795.147488   8914.382356   -216.929629  9  1  4  67       
PG08  -1835.851654  22630.513918 -13577.999997    369.761537  3  3  2  86       
PG09  14312.928813   5271.768230  21642.277739    698.001587  3  3  4  85       
PG10 -15174.662242    759.018531 -21561.319683   -548.698727  2  4  1  98       
PG11  13064.725876 -12355.149369  19579.039932   -237.302587  4  2  5  69       
PG12  -9723.264233 -24708.539869   -687.623574   -603.881780  2  1  2  60       
PG13 -10769.216612 -24080.640665  -3042.817460    431.078589  9  5  8  85       
PG14  17274.633473   2261.959156 -20019.937731    750.207345  4  3  4  63       
PG15  -1533.225523 -22614.865209 -14393.643574    437.803192  2  3  3  75       
PG16  -3420.802512  20862.281610  15413.801013    318.698055  4  3  1  78       
PG17  19660.140028  -7573.046269 -15976.210543   -190.288976  5  3  2  42       
PG18 -25258.747992  -6242.881828   6128.085990   -276.581842  7  4  4  54       
PG19  19469.608641 -16250.831900  -6867.072225    704.701482  5  6  4  77       
PG20   9384.893691 -23871.158549  -6863.229070    264.503391  6  2  3  80       
PG21   6566.395503 -17148.671807  19177.994715    380.273837  4  3  3  78       
PG22  13998.492509  -5800.336028 -21498.680446     61.444107  5  3  3  63       
PG23 -17866.344276 -10876.708316 -16461.390492    680.759829  7  2  3  91       
PG24  -6950.166542 -15282.664750 -21206.224107    168.052730  5  5  4  85       
PG25 -17134.353536 -18040.760309   9245.934403    396.475760  5  4  5  81       
PG26 -10489.638083  12415.636454  20704.149204   -389.548319  5  4  2  77       
PG27 -11725.541293  23341.796814  -3640.376159      0.503522  5  2  2  63       
PG28 -24403.176727   5420.706130   9013.325817   -438.411773  6  6  4  28       
PG29 -12960.661541  -8098.923811  21699.639401   -259.458953  3  3  2  70       
PG30  26296.960926  -1729.370572  -4050.184443    335.330684  8  3  4  89       
PG31 -17893.795838  10265.060913  16588.378846   -127.048064  5  4  4  85       
PG32 -18951.502322  12949.183977 -12923.197679    224.874820  2  1  4  87       
*  2026  8 19 12  0  0.00000000
PG01  10001.831446  14654.256990 -19801.665807    193.169076  5  2  3  56       
PG02   1514.757809  14945.128581 -21538.658215    160.038235  2  3  2  87       
PG03  11578.694454  23859.636431  -2411.510810    314.733047  2  5  2  54       
PG04   4599.727711  17562.063850  19350.516625     64.190305  6  3  2  86       
PG05  -3185.363422 -22217.089574  14009.890512   -236.107693  4  3  1  67       
PG06  24469.919193  -5461.332384   9062.383979   -546.957198  6  1  3  67       
PG07  23136.930407   7976.939253  11407.146046   -216.932847  9  2  5  75       
PG08  -2758.578843  23737.467671 -11260.833958    369.752595  3  3  2  86       
PG09  13065.593873   7445.266156  21784.059494    697.994276  3  4  4  87       
PG10 -16282.689074  -1441.815688 -20742.746380   -548.692802  2  4  1  93       
PG11  15199.985204 -12077.051136  18147.266885   -237.291666  4  2  5  72       
PG12  -9399.042783 -24624.462212  -3525.814710   -603.881531  2  2  2  43       
PG13 -10293.625316 -23780.541669  -5836.294043    431.083004  9  4  8  63       
PG14  18213.506105   4302.285683 -18853.734917    750.207269  4  3  4  72       
PG15   -793.867190 -23872.939857 -12159.203691    437.805965  3  2  3  72       
PG16  -4386.714635  19151.241088  17271.842534    318.704233  4  4  1  89       
PG17  18661.751678  -5851.505817 -17733.549015   -190.293818  5  3  3  59       
PG18 -24410.649343  -6394.020486   8815.211058   -276.573859  6  4  4  73       
PG19  19125.812270 -15319.943543  -9529.956125    704.701694  5  6  4  57       
PG20   9915.058587 -24295.200606  -4097.918588    264.512480  6  3  3  75       
PG21   7697.566022 -15186.110230  20377.888844    380.267543  4  3  3  75       
PG22  14967.048240  -3472.793023 -21321.869470     61.452146  5  2  3  76       
PG23 -18636.801055 -12465.706000 -14383.751080    680.763229  7  2  3  74       
PG24  -4622.167710 -15515.481645 -21648.549350    168.068679  5  4  4  79       
PG25 -17380.084035 -18997.294301   6632.020790    396.472705  5  4  5  83       
PG26 -11925.983715  10421.024931  21056.976309   -389.549928  5  4  2  70       
PG27 -12108.404983  23368.949572   -795.572373      0.502885  6  2  2  68       
PG28 -25279.988269   5185.763645   6339.317883   -438.402091  7  6  4  66       
PG29 -11500.332297 -10113.121745  21662.383633   -259.452551  3  2  2  80       
PG30  26618.694402  -1422.051343  -1279.042964    335.342105  8  3  4  81       
PG31 -19709.561814   9993.481894  14641.683677   -127.045450  6  4  4  80       
PG32 -18264.837149  11432.893841 -15124.555554    224.892228  2  1  4  91       
*  2026  8 19 12 15  0.00000000
PG01   7680.057570  14664.513098 -20797.955129    193.160809  4  1  4  78       
PG02  -1003.888685  15225.091847 -21320.472993    160.044554  2  3  2  89       
PG03  11240.393579  23580.687447  -5284.820611    314.714985  2  5  2  59       
PG04   3427.208850  19338.347618  17822.182640     64.190713  6  3  2  76       
PG05  -2067.608366 -20863.814927  16117.297715   -236.107952  4  3  1  77       
PG06  25339.615955  -5310.195714   6347.913284   -546.948368  6  1  3  65       
PG07  21808.330481   8220.307125  13713.060355   -216.935852  8  2  5  68       
PG08  -3512.696030  24641.060600  -8746.745829    369.743631  4  3  1  81       
PG09  11936.646842   9677.396485  21547.202009    697.986994  3  4  5  72       
PG10 -17453.641933  -3473.839601 -19561.117966   -548.687023  1  4  1  93       
PG11  17168.241446 -11912.875075  16403.729591   -237.280731  5  2  5  85       
PG12  -8925.415431 -24275.936722  -6303.564096   -603.880628  3  2  2  40       
PG13  -9630.232205 -23247.889900  -8529.345128    431.087437  9  3  8  86       
PG14  19173.457628   6162.269446 -17363.268242    750.207187  4  3  4  74       
PG15   -196.231717 -24921.258901  -9721.153682    437.808657  4  2  3  58       
PG16  -5525.501229  17315.602545  18818.843301    318.710001  4  4  1  86       
PG17  17656.300869  -3920.822728 -19180.142144   -190.298336  5  3  3  62       
PG18 -23277.979716  -6594.744819  11353.474238   -276.565779  6  4  4  79       
PG19  18663.991329 -14129.891881 -12023.800887    704.701725  5  6  5  51       
PG20  10278.043931 -24463.714872  -1262.056204    264.521508  6  3  3  77       
PG21   8989.568845 -13186.334868  21226.904221    380.261245  3  4  4  84       
PG22  16034.086008  -1232.245551 -20766.405005     61.460027  4  2  3  69       
PG23 -19361.079418 -13797.207155 -12060.732494    680.766534  7  2  3  82       
PG24  -2277.047544 -15868.617927 -21737.503922    168.084615  5  4  5  61       
PG25 -17510.060014 -19684.566337   3904.286040    396.469671  5  3  4  72       
PG26 -13461.696769   8482.660905  21038.688185   -389.551455  5  4  2  66       
PG27 -12343.515720  23123.994589   2063.243355      0.502677  6  2  1  63       
PG28 -25859.568610   4979.620032   3556.365698   -438.392420  7  6  4  39       
PG29 -10158.898536 -12180.122753  21251.085203   -259.446142  4  2  2  83       
PG30  26642.828524  -1119.407149   1513.821520    335.353535  7  2  4  83       
PG31 -21298.119716   9815.425127  12441.521927   -127.042905  6  4  4  61       
PG32 -17549.023475   9671.345722 -17058.639951    224.909550  2  1  4  89       
*  2026  8 19 12 30  0.00000000
PG01   5268.714031  14796.906009 -21437.238207    193.152505  4  1  4  54       
PG02  -3464.136960  15625.105321 -20720.923305    160.050924  2  3  3  77       
PG03  10706.061869  23058.357391  -8068.124557    314.696899  3  5  2  78       
PG04   2436.435100  21005.324110  15985.797711     64.191122  6  3  2  82       
PG05   -737.322244 -19397.011174  17943.708991   -236.108181  4  2  2  79       
PG06  25904.502682  -5185.674571   3525.370819   -546.940098  6  1  3  74       
PG07  20255.352808   8554.212507  15795.336757   -216.938980  8  3  5  58       
PG08  -4117.001986  25306.693677  -6079.091120    369.734702  4  3  1  75       
PG09  10945.428356  11921.987376  20935.604512    697.979722  3  5  5  72       
PG10 -18648.934052  -5304.693376 -18038.466178   -548.681181  1  3  1  85       
PG11  18930.312321 -11839.998955  14378.090643   -237.269813  6  2  4  76       
PG12  -8276.021246 -23690.216076  -8973.594053   -603.879881  3  2  2  55       
PG13  -8759.380325 -22515.914974 -11075.762363    431.091851  9  2  8  83       
PG14  20117.746785   7817.831686 -15575.025609    750.207089  4  3  4  75       
PG15    281.967706 -25727.140676  -7119.378258    437.811544  5  2  3  57       
PG16  -6834.806940  15403.265592  20027.094250    318.716090  5  4  1  91       
PG17  16681.517608  -1807.820082 -20289.225077   -190.303301  5  3  3  73       
PG18 -21883.562479  -6878.382660  13699.930629   -276.557770  6  3  4  77       
PG19  18125.081618 -12684.553249 -14304.953615    704.702311  5  6  5  68       
PG20  10504.307271 -24354.853171   1595.523620    264.530582  6  3  3  79       
PG21  10427.600322 -11195.460726  21710.541786    380.254949  4  3  4  83       
PG22  17170.558759    880.116260 -19841.474577     61.467713  4  1  3  66       
PG23 -19996.301230 -14863.600784  -9532.411680    680.769899  6  3  4  80       
PG24     41.592125 -16336.547212 -21470.738200    168.100575  4  3  5  75       
PG25 -17489.395865 -20112.921600   1109.863392    396.466574  5  3  4  76       
PG26 -15067.233619   6638.033379  20650.858444   -389.552966  5  4  2  94       
PG27 -12463.583484  22591.155463   4885.421589      0.502201  6  2  1  59       
PG28 -26133.080798   4765.283972    712.295289   -438.382614  7  5  4  65       
PG29  -8957.583896 -14255.779808  20472.355873   -259.439444  4  1  2  84       
PG30  26371.858073   -786.371129   4281.081348    335.364934  7  1  4  74       
PG31 -22629.941503   9702.129028  10026.892304   -127.040325  6  5  4  68       
PG32 -16844.060352   7686.719555 -18690.920907    224.926914  2  1  4  94       
*  2026  8 19 12 45  0.00000000
PG01   2815.309427  15058.211474 -21708.296824    193.143998  4  2  5  83       
PG02  -5817.628044  16127.722789 -19749.215641    160.057264  3  3  3  86       
PG03   9953.228298  22327.451496 -10714.321529    314.678809  4  5  2  68       
PG04   1622.853449  22517.214411  13872.715365     64.191629  6  3  2  87       
PG05    799.883629 -17863.135007  19456.911717   -236.108572  5  1  3  68       
PG06  26156.230147  -5048.697430    642.782811   -546.931287  6  1  4  87       
PG07  18511.317709   9002.435004  17620.920155   -216.941946  7  3  5  82       
PG08  -4596.362861  25705.836339  -3304.321440    369.725749  4  3  1  74       
PG09  10103.315262  14130.676137  19959.756004    697.972416  4  5  5  85       
PG10 -19826.173892  -6910.270130 -16202.641257   -548.675414  1  2  1  82       
PG11  20452.971714 -11829.863641  12104.927654   -237.258973  7  2  4  72       
PG12  -7430.644756 -22900.547319 -11490.761043   -603.879129  3  2  2  67       
PG13  -7668.738348 -21622.496543 -13431.937815    431.096279  9  3  8  73       
PG14  21007.247967   9252.673378 -13520.420231    750.207054  5  3  4  57       
PG15    668.315324 -26263.865969  -4396.964464    437.814193  5  1  2  56       
PG16  -8303.733581  13462.503324  20875.291742    318.722078  5  4  1  88       
PG17  15770.961993    453.255079 -21039.910182   -190.307817  5  3  2  78       
PG18 -20257.505805  -7273.697547  15814.769568   -276.549726  5  3  4  80       
PG19  17550.069506 -10996.590291 -16333.875243    704.702434  5  6  6  66       
PG20  10628.435107 -23954.626259   4425.683493    264.539653  6  3  4  76       
PG21  11989.092123  -9257.008296  21820.598101    380.248628  4  4  5  84       
PG22  18341.553607   2828.904838 -18563.090732     61.475681  4  1  2  79       
PG23 -20500.300500 -15666.284018  -6842.148750    680.773243  6  3  4  76       
PG24   2291.481731 -16906.451014 -20851.433993    168.116546  4  3  5  72       
PG25 -17286.955782 -20300.392360  -1703.450705    396.463525  5  3  4  76       
PG26 -16707.841197   4918.973589  19901.646009   -389.554516  5  4  2  81       
PG27 -12504.458716  21763.302302   7620.571068      0.502334  6  2  1  83       
PG28 -26100.523148   4505.287591  -2144.016381   -438.372941  7  5  5 100       
PG29  -7909.893675 -16293.472970  19339.213375   -259.432945  4  1  3  71       
PG30  25816.401778   -389.092406   6976.052906    335.376345  6  1  5  76       
PG31 -23683.098946   9620.589497   7440.150202   -127.037929  6  4  3  70       
PG32 -16186.522374   5509.363205 -19992.292262    224.944314  2  1  4  90       
*  2026  8 19 13  0  0.00000000
PG01    368.314187  15447.219772 -21606.212371    193.135695  3  3  5  90       
PG02  -8019.963863  16708.144545 -18421.614589    160.063698  4  4  4  82       
PG03   8967.016123  21427.751973 -13178.813172    314.660746  4  4  3  15       
PG04    973.835854  23831.349783  11519.197542     64.192011  5  3  3  79       
PG05   2529.529023 -16308.343534  20630.172286   -236.108697  5  1  3  76       
PG06  26095.520407  -4859.838114  -2250.755337   -546.922482  5  2  4  75       
PG07  16614.077482   9582.613727  19160.881492   -216.945118  6  4  5  84       
PG08  -4980.548281  25817.220475   -471.149913    369.716772  4  3  1  78       
PG09   9413.386180  16254.634981  18636.557821    697.965085  3  5  5  71       
PG10 -20940.836863  -8275.385365 -14086.720187   -548.669652  2  2  1  81       
PG11  21710.096595 -11849.200439   9623.158134   -237.248054  7  3  3  77       
PG12  -6376.140375 -21944.824311 -13812.776476   -603.878365  4  3  3  73       
PG13  -6353.960296 -20608.655162 -15557.599669    431.100692  9  4  8  74       
PG14  21801.976355  10458.653647 -11235.208594    750.207054  5  3  4  61       
PG15    994.515354 -26511.740749  -1599.579495    437.816904  6  1  3  75       
PG16  -9913.125469  11540.104394  21348.938604    318.727995  5  4  1  89       
PG17  14952.665511   2821.833084 -21417.674257   -190.312610  5  3  2  71       
PG18 -18436.174234  -7803.628758  17661.961066   -276.541723  4  3  3  78       
PG19  16978.269363  -9087.084299 -18075.837272    704.702863  5  5  6  72       
PG20  10687.616509 -23257.511227   7179.826757    264.548677  6  3  5  78       
PG21  13644.445730  -7410.368334  21555.297916    380.242321  4  4  5  86       
PG22  19507.648043   4585.771583 -16953.810771     61.483120  4  1  2  68       
PG23 -20833.298460 -16215.395125  -4035.851747    680.776553  6  3  4  80       
PG24   4433.041917 -17558.612649 -19888.336330    168.132499  4  3  5  84       
PG25 -16876.638107 -20271.798066  -4487.994523    396.460435  5  3  4  81       
PG26 -18344.846664   3350.616891  18805.549408   -389.556055  4  4  2  82       
PG27 -12503.521310  20642.429614  10219.554006      0.502149  6  1  2  81       
PG28 -25770.684496   4163.328714  -4963.478802   -438.363293  7  5  5  88       
PG29  -7021.212300 -18245.772699  17870.884688   -259.426567  4  1  3  68       
PG30  24994.768983    103.597583   9553.436922    335.387756  6  1  5  81       
PG31 -24443.919634   9535.027158   4726.227655   -127.035363  6  4  2  77       
PG32 -15608.045658   3176.794075 -20939.644174    224.961719  2  1  4  92       
*  2026  8 19 13 15  0.00000000
PG01  -2024.508914  15954.732502 -21132.467571    193.127348  3  4  6  87       
PG02 -10032.343524  17335.211125 -16761.202219    160.069906  5  4  4  79       
PG03   7740.861482  20402.442707 -15420.208100    314.642694  5  4  3  48       
PG04    469.342872  24909.775760   8965.798528     64.192384  5  4  3  59       
PG05   4428.620999 -14776.731110  21442.743830   -236.108935  6  1  3  79       
PG06  25732.106234  -4581.010531  -5105.890362   -546.913683  5  2  4  77       
PG07  14604.758687  10305.513132  20390.759032   -216.948199  6  4  5  66       
PG08  -5302.853051  25627.764580   2370.353185    369.707813  5  3  1  54       
PG09   8870.426298  18246.325311  16989.025983    697.957766  3  5  4  71       
PG10 -21948.010236  -9394.087751 -11728.337858   -548.663924  2  1  2  79       
PG11  22683.551993 -11861.455087   6975.383986   -237.237152  7  3  3  87       
PG12  -5107.083040 -20864.092669 -15900.863714   -603.877914  4  3  3  62       
PG13  -4819.038530 -19516.940089 -17416.486013    431.105140  8  5  8  63       
PG14  22462.644874  11435.857158  -8758.850078    750.207005  5  3  5  73       
PG15   1295.030859 -26458.929785   1225.227398    437.819430  6  1  3  64       
PG16 -11636.212120   9679.600089  21440.582863    318.733982  5  4  2  64       
PG17  14247.997549   5252.398648 -21414.723856   -190.317005  5  3  2  73       
PG18 -16460.935571  -8484.250778  19209.850450   -276.533671  4  2  2  72       
PG19  16445.702097  -6984.835199 -19501.501756    704.702697  5  5  7  70       
PG20  10720.025784 -22266.743110   9810.727052    264.557768  6  4  5  77       
PG21  15358.047231  -5689.436774  20919.316467    380.236052  5  4  5  90       
PG22  20626.473126   6130.350794 -15042.310139     61.490915  4  1  3  74       
PG23 -20959.489988 -16529.226744  -1161.213111    680.779895  5  3  4  72       
PG24   6430.662661 -18267.069112 -18595.722767    168.148466  4  3  5  66       
PG25 -16238.460084 -20057.616753  -7197.006576    396.457387  5  3  4  67       
PG26 -19937.098595   1950.652243  17383.045272   -389.557625  4  4  2  83       
PG27 -12497.994032  19239.768340  12635.479187      0.502158  6  1  2  73       
PG28 -25160.773418   3705.870905  -7697.629246   -438.353638  7  5  6  84       
PG29  -6288.727192 -20066.151650  16092.495052   -259.419766  4  1  3  73       
PG30  23932.257917    718.828712  11970.026010    335.399161  6  1  5  75       
PG31 -24907.329922   9408.446730   1931.835520   -127.032714  6  4  2  74       
PG32 -15134.028755    732.406193 -21516.310766    224.979071  3  2  4  91       
*  2026  8 19 13 30  0.00000000
PG01  -4317.748769  16563.880685 -20294.939768    193.118969  4  4  6  85       
PG02 -11822.977386  17972.695126 -14797.468796    160.076308  6  5  4  66       
PG03   6276.919636  19296.429894 -17400.965698    314.624696  4  3  3  74       
PG04     82.886123  25720.690343   6256.663987     64.192812  5  4  3  61       
PG05   6466.355848 -13308.656893  21880.261459   -236.109042  5  1  3  82       
PG06  25084.341342  -4177.119524  -7873.831513   -546.904888  4  2  4  68       
PG07  12526.411388  11174.532726  21290.851233   -216.951275  5  4  4  80       
PG08  -5598.560653  25133.183164   5169.714525    369.698893  5  3  1  69       
PG09   8461.271078  20061.210709  15045.878814    697.950442  3  5  4  70       
PG10 -22804.141090 -10269.608490  -9168.959114   -548.658131  3  1  2  84       
PG11  23363.778569 -11828.353519   4207.165836   -237.226268  7  3  2  95       
PG12  -3626.125083 -19700.964814 -17720.344867   -603.877469  4  4  3  81       
PG13  -3076.337277 -18389.776341 -18976.946472    431.109591  8  6  8  69       
PG14  22952.194187  12192.353421  -6133.820639    750.206940  5  3  5  76       
PG15   1605.584713 -26102.021138   4028.793887    437.822221  6  1  3  66       
PG16 -13439.576285   7919.654377  21149.891470    318.740059  5  4  2  95       
PG17  13670.810115   7696.090398 -21030.223701   -190.321598  6  2  2  78       
PG18 -14376.726959  -9323.991863  20431.692750   -276.525636  4  3  2  85       
PG19  15983.640657  -4725.364279 -20587.376605    704.703125  5  5  7  83       
PG20  10763.177426 -20994.280393  12273.329922    264.566835  6  5  6  82       
PG21  17089.523446  -4121.471331  19923.691715    380.229803  5  4  5  88       
PG22  21654.415858   7450.869499 -12862.819461     61.498497  4  1  3  79       
PG23 -20848.483823 -16633.344609   1733.070876    680.783171  5  3  4  75       
PG24   8253.860356 -19000.505865 -16993.304180    168.164428  4  4  6  81       
PG25 -15359.408222 -19692.675012  -9785.349775    396.454329  5  3  4  74       
PG26 -21442.498702    728.882331  15660.125172   -389.559242  4  3  2  81       
PG27 -12523.254799  17575.519813  14824.664780      0.501703  6  1  2  87       
PG28 -24295.735635   3103.638800 -10299.463607   -438.344008  7  5  6  71       
PG29  -5701.683565 -21710.677930  14034.646537   -259.413249  5  1  3  70       
PG30  22660.213427   1478.493792  14185.371926    335.410584  5  1  6  71       
PG31 -25076.879649   9204.226920   -895.337303   -127.030414  5  3  2  84       
PG32 -14782.604517  -1776.063032 -21712.381631    224.996427  3  2  5  92       
*  2026  8 19 13 45  0.00000000
PG01  -6469.901940  17250.753357 -19107.784586    193.110584  4  4  6  75       
PG02 -13368.211338  18580.835488 -12565.741921    160.082617  6  5  4  57       
PG03   4586.146632  18154.620825 -19087.973001    314.606642  4  3  3  71       
PG04   -217.247657  26239.657956   3438.757264     64.193183  4  4  3  75       
PG05   8605.140179 -11939.231609  21935.015594   -236.109201  5  1  3  87       
PG06  24178.494688  -3617.604939 -10507.167703   -546.896082  4  2  4  76       
PG07  10422.606707  12185.473440  21846.463328   -216.954126  4  4  3  85       
PG08  -5903.313586  24338.249818   7877.038526    369.689935  5  3  1  87       
PG09   8165.474507  21659.360331  12841.017946    697.943129  3  4  3  70       
PG10 -23468.719630 -10913.960857  -6453.109171   -548.652352  4  1  2  84       
PG11  23750.058580 -11711.548366   1366.239151   -237.215376  7  3  1  94       
PG12  -1944.050279 -18498.004246 -19241.152747   -603.876482  4  4  3  70       
PG13  -1146.306100 -17267.834278 -20212.462951    431.114008  8  7  8  65       
PG14  23237.239303  12743.661970  -3404.892567    750.206890  5  3  5  60       
PG15   1961.576705 -25446.289309   6762.175987    437.825113  6  1  4  66       
PG16 -15284.400274   6292.685233  20483.562586    318.745853  5  4  3  92       
PG17  13226.902319  10102.457818 -20270.376893   -190.326503  6  2  3  87       
PG18 -12230.490718 -10323.142753  21306.118530   -276.517584  5  3  2  82       
PG19  15617.378795  -2349.666269 -21316.142734    704.703572  5  4  7  89       
PG20  10852.317250 -19460.446647  14525.513321    264.575901  7  5  6  86       
PG21  18795.191214  -2726.212660  18585.628475    380.223497  5  4  5  83       
PG22  22548.386074   8544.397178 -10454.439984     61.506513  4  1  3  74       
PG23 -20476.545020 -16559.446907   4598.086861    680.786486  5  3  4  70       
PG24   9878.271294 -19723.371568 -15106.050302    168.180412  5  4  6  76       
PG25 -14234.028979 -19214.707870 -12210.187448    396.451271  4  3  4  80       
PG26 -22819.561558   -312.896272  13667.746372   -389.560787  3  3  2  76       
PG27 -12611.224157  15678.217554  16747.542455      0.501694  6  1  2  89       
PG28 -23207.286051   2332.950294 -12724.242621   -438.334351  7  6  6  84       
PG29  -5241.961255 -23139.622744  11732.892473   -259.406728  5  1  4  41       
PG30  21214.879576   2398.250151  16162.405977    335.421918  5  1  6  81       
PG31 -24964.455249   8887.680411  -3707.414559   -127.027852  5  2  1  74       
PG32 -14563.926475  -4298.241345 -21524.870178    225.013799  4  2  5  94       
*  2026  8 19 14  0  0.00000000
PG01  -8444.781049  17985.313757 -17591.210627    193.102233  5  5  6  67       
PG02 -14653.307227  19118.045070 -10106.468301    160.089126  7  6  5  65       
PG03   2688.055615  17020.223419 -20453.049258    314.588621  4  3  3  84       
PG04   -466.559319  26450.549218    561.027210     64.193542  3  5  3  71       
PG05  10801.890926 -10697.025523  21606.096884   -236.109423  5  1  4  89       
PG06  23047.753794  -2877.819442 -12960.668830   -546.887274  4  2  4  63       
PG07   8336.024900  13326.567037  22048.108641   -216.957053  3  4  1  86       
PG08  -6251.461396  23256.697845  10443.989639    369.681034  5  3  1  86       
PG09   7956.274111  23006.878865  10412.913278    697.935774  3  4  3  66       
PG10 -23905.835320 -11347.214361  -3627.578822   -548.646634  4  2  2  74       
PG11  23850.448493 -11474.281345  -1498.314403   -237.204497  7  3  1  80       
PG12    -79.526750 -17296.137568 -20438.264798   -603.875947  4  4  3  89       
PG13    943.115195 -16188.483549 -21102.082258    431.118451  8  7  8  91       
PG14  23289.380545  13111.947587   -618.391819    750.206856  5  2  5  54       
PG15   2396.477826 -24505.634877   9377.029506    437.827804  6  2  4  68       
PG16 -17127.931478   4823.772639  19455.085664    318.751791  4  4  3  76       
PG17  12913.831964  12421.301511 -19148.350205   -190.331183  6  2  3  78       
PG18 -10069.535728 -11473.676726  21817.523028   -276.509537  5  3  3  74       
PG19  15365.267690     97.233812 -21676.853607    704.703695  5  3  7  75       
PG20  11018.911720 -17693.262741  16528.794935    264.585006  7  5  7  80       
PG21  20429.644358  -1515.302690  16928.198173    380.217200  5  4  5  84       
PG22  23267.570220   9416.726490  -7860.356348     61.514094  4  1  3  58       
PG23 -19827.595610 -16344.007991   7385.487174    680.789773  5  3  4  68       
PG24  11286.443018 -20397.181572 -12963.933083    168.196359  5  5  6  77       
PG25 -12864.744142 -18662.842266 -14431.606362    396.448218  4  4  4  78       
PG26 -24028.940950  -1180.696793  11441.212657   -389.562335  3  3  2  62       
PG27 -12788.902036  13583.741226  18369.475496      0.501312  6  2  2  72       
PG28 -21932.692560   1376.833297 -14930.259634   -438.324602  7  6  6  87       
PG29  -4884.951479 -24318.918143   9227.116540   -259.400132  5  1  4  77       
PG30  19636.088927   3486.755833  17868.006747    335.433335  5  1  6  85       
PG31 -24589.698917   8427.526914  -6457.102118   -127.025151  6  2  2  79       
PG32 -14479.798760  -6782.932831 -20957.736271    225.031136  4  3  5  85       
*  2026  8 19 14 15  0.00000000
PG01 -10212.721214  18732.568808 -15771.147709    193.093862  6  5  6  80       
PG02 -15672.842431  19542.712608  -7464.368843    160.095340  7  6  5  58       
PG03    610.158151  15933.127419 -21473.373811    314.570618  3  3  3  87       
PG04   -702.744405  26346.167452  -2326.466452     64.193917  3  5  3  61       
PG05  13009.562055  -9603.050271  20899.409403   -236.109537  4  1  4  88       
PG06  21730.973114  -1940.186194 -15192.058402   -546.878479  3  3  4  70       
PG07   6307.076319  14578.768519  21891.664271   -216.960396  2  3  1  85       
PG08  -6674.459542  21910.759130  12824.749898    369.672094  5  3  2  81       
PG09   7801.812712  24077.106422   7803.904602    697.928457  3  3  3  68       
PG10 -24085.550360 -11596.479212   -740.619393   -548.640872  4  2  2  82       
PG11  23681.379581 -11082.995419  -4336.925524   -237.193603  6  3  1  89       
PG12   1941.429389 -16133.150470 -21292.057018   -603.875003  5  4  3  71       
PG13   3157.377328 -15184.389569 -21630.754881    431.122894  7  8  7  72       
PG14  23086.332425  13324.978701   2178.556265    750.206788  4  3  5  60       
PG15   2940.267584 -23302.190613  11826.525118    437.830626  5  2  4  76       
PG16 -18925.099707   3529.893293  18084.363318    318.757510  4  4  3  52       
PG17  12721.085560  14604.517250 -17684.042944   -190.335799  6  2  4  60       
PG18  -7939.883605 -12759.391447  21956.370747   -276.501455  6  3  4  81       
PG19  15238.052166   2567.857899 -21665.011263    704.704029  6  2  8  73       
PG20  11289.293415 -15727.495721  18248.975331    264.594091  7  6  7 101       
PG21  21947.417629   -492.021295  14979.939538    380.210911  5  4  5  65       
PG22  23775.095519  10081.893502  -5126.968847     61.522076  3  2  4  48       
PG23 -18893.938214 -16026.757098  10048.258867    680.793133  5  3  4  81       
PG24  12468.389376 -20981.970910 -10601.581306    168.212375  5  5  6  74       
PG25 -11261.884765 -18076.058265 -16413.183448    396.445174  4  4  4  75       
PG26 -25034.865127  -1887.845930   9019.501301   -389.563910  2  2  2  73       
PG27 -13077.121385  11334.024598  19661.466289      0.501287  6  2  2  81       
PG28 -20513.358609    225.883185 -16879.556870   -438.314911  6  6  6  86       
PG29  -4600.698861 -25221.406112   6560.827739   -259.393828  5  2  4  55       
PG30  17965.835218   4745.167035  19273.509887    335.444710  5  2  6  92       
PG31 -23979.160708   7797.227135  -9098.426827   -127.022659  6  2  2  79       
PG32 -14523.662790  -9179.955218 -20021.765100    225.048475  5  3  5  93       
*  2026  8 19 14 30  0.00000000
PG01 -11751.537661  19453.947443 -13678.813137    193.085515  6  5  6  69       
PG02 -16430.711028  19815.015041  -4687.493238    160.101884  7  7  4  69       
PG03  -1612.888474  14928.424698 -22131.833665    314.552604  3  3  3  80       
PG04   -964.009129  25928.535420  -5173.452813     64.194319  3  5  4  77       
PG05  15178.836118  -8670.055551  19827.552096   -236.110039  4  1  4  85       
PG06  20271.213269   -795.090194 -17162.744597   -546.869672  3  3  4  71       
PG07   4372.597197  15916.305024  21378.479329   -216.963725  2  3  1  78       
PG08  -7199.390650  20330.359139  14976.925702    369.663151  5  4  2  84       
PG09   7666.566445  24851.541333   5059.434440    697.921095  3  2  3  67       
PG10 -23985.043802 -11694.645849   2158.859295   -548.635098  4  3  2  77       
PG11  23266.941144 -10508.832069  -7100.409963   -237.182739  6  3  1  77       
PG12   4086.258302 -15042.319838 -21788.576733   -603.874224  5  3  2  66       
PG13   5456.454580 -14282.304935 -21789.575684    431.127332  7  8  7  70       
PG14  22612.831142  13414.889680   4938.782724    750.206678  4  3  5  62       
PG15   3617.982386 -21865.597950  14066.276705    437.833413  5  2  4  71       
PG16 -20630.214491   2419.505539  16397.212615    318.763648  3  3  3  65       
PG17  12630.601046  16607.863061 -15903.703368   -190.340049  6  2  4  60       
PG18  -5884.660492 -14156.371581  21719.408108   -276.493376  6  4  4  62       
PG19  15238.524803   5013.922247 -21282.525640    704.704121  6  2  8  61       
PG20  11683.514250 -13603.460878  19656.707213    264.603130  7  6  7  90       
PG21  23304.664048    348.649768  12774.367178    380.204592  5  5  5  69       
PG22  24039.533173  10561.362655  -2302.969481     61.529344  3  2  4  47       
PG23 -17676.677182 -15649.047975  12541.469772    680.796435  5  3  3  85       
PG24  13421.881155 -21437.849714  -8057.841029    168.228386  6  6  6  85       
PG25  -9443.446646 -17491.681109 -18122.494075    396.442152  4  4  4  74       
PG26 -25806.428892  -2454.214457   6444.551622   -389.565497  2  3  3  69       
PG27 -13489.575912   8975.514665  20600.732486      0.501372  6  2  2  84       
PG28 -18993.258905  -1121.173046 -18538.577955   -438.305181  6  6  6  90       
PG29  -4355.262909 -25827.828396   3780.384619   -259.387291  5  3  4  67       
PG30  16246.779716   6166.914552  20355.155082    335.456112  4  2  6  87       
PG31 -23165.219028   6976.132132 -11587.437195   -127.020453  6  3  2  79       
PG32 -14680.937786 -11441.926593 -18734.308427    225.065829  5  3  5  85       
*  2026  8 19 14 45  0.00000000
PG01 -13047.196988  20108.834737 -11350.182486    193.077177  6  5  6  61       
PG02 -16939.729532  19898.655987  -1826.204191    160.108342  6  7  4  61       
PG03  -3940.397289  14035.120892 -22417.287775    314.534589  3  3  3  88       
PG04  -1287.363923  25208.829753  -7930.356200     64.194728  3  6  4  69       
PG05  17259.911932  -7902.168172  18409.571706   -236.110148  3  1  4  81       
PG06  18714.125383    558.533411 -18838.496980   -546.860874  3  3  4  47       
PG07   2564.661094  17307.468193  20515.432300   -216.966818  2  1  1  86       
PG08  -7847.674348  18552.002367  16862.379250    369.654222  5  4  2  81       
PG09   7512.920318  25320.450381   2227.227977    697.913778  3  2  3  58       
PG10 -23589.489388 -11678.931306   5022.076487   -548.629340  4  2  2  72       
PG11  22637.873789  -9728.953106  -9740.838829   -237.171830  6  3  3  66       
PG12   6316.898792 -14051.228721 -21919.733692   -603.873731  5  4  2  76       
PG13   7796.187549 -13502.100608 -21575.923683    431.131819  7  8  7  71       
PG14  21861.289602  13416.793857   7615.822785    750.206622  3  3  5  71       
PG15   4448.441976 -20231.972771  16055.259211    437.836407  4  2  4  78       
PG16 -22198.669912   1492.491327  14424.765809    318.769465  3  3  3  77       
PG17  12617.620455  18392.571608 -13839.402161   -190.345182  6  2  4  64       
PG18  -3942.594732 -15633.759373  21109.777462   -276.485283  5  5  5  74       
PG19  15361.502982   7387.990961 -20537.566088    704.704616  6  2  8  80       
PG20  12214.450032 -11365.622589  20727.982387    264.612209  7  5  7  89       
PG21  24460.781570   1019.639197  10349.396350    380.198224  5  5  5  77       
PG22  24036.177924  10882.916767    561.612953     61.537361  3  3  4  71       
PG23 -16185.822216 -15252.178736  14822.982766    680.799789  5  4  3  69       
PG24  14152.451843 -21726.606995  -5375.238290    168.244387  6  7  6  68       
PG25  -7434.578865 -16943.954776 -19531.560500    396.439143  4  4  4  83       
PG26 -26318.697762  -2905.210845   3760.529463   -389.567089  1  2  3  72       
PG27 -14032.165597   6557.451309  21171.136258      0.500979  6  2  2  88       
PG28 -17417.288408  -2657.228670 -19878.745562   -438.295489  5  6  6  84       
PG29  -4112.243794 -26127.516848    934.164015   -259.380829  5  3  5  64       
PG30  14520.743534   7737.767857  21094.465571    335.467502  4  3  5  82       
PG31 -22184.811265   5950.409930 -13882.859724   -127.017885  6  3  2  78       
PG32 -14929.696537 -13525.928407 -17118.898113    225.083192  5  3  4  85       
*  2026  8 19 15  0  0.00000000
PG01 -14094.175531  20656.202241  -8825.373303    193.068792  6  5  5  74       
PG02 -17220.870473  19762.451147   1067.876346    160.114681  6  7  4  55       
PG03  -6326.991614  13275.083889 -22324.745531    314.516571  3  3  3  93       
PG04  -1706.964364  24206.965116 -10549.190711     64.195078  4  6  4  72       
PG05  19204.315868  -7294.886318  16670.593561   -236.110572  3  1  4  80       
PG06  17106.241168   2112.939678 -20190.056516   -546.852099  2  3  4  65       
PG07    909.544989  18715.630339  19314.932639   -216.969627  3  1  2  88       
PG08  -8634.022949  16617.397225  18447.962700    369.645278  5  4  2  78       
PG09   7302.826943  25483.143997   -643.563071    697.906439  3  2  3  60       
PG10 -22892.640658 -11589.289023   7801.143943   -548.623575  4  2  2  57       
PG11  21830.312054  -8727.633191 -12212.389771   -237.160957  5  3  4  57       
PG12   8591.031510 -13180.804291 -21683.409298   -603.873018  6  3  2  62       
PG13  10129.785491 -12856.072566 -20993.499472    431.136267  6  8  6  34       
PG14  20832.177879  13367.298520  10164.646956    750.206581  3  3  5  77       
PG15   5443.216221 -18442.594950  17756.689612    437.839210  4  2  4  82       
PG16 -23588.587454    740.446104  12202.791718    318.775620  3  3  2  76       
PG17  12651.833894  19926.737448 -11528.377599   -190.349414  5  3  4  51       
PG18  -2146.678076 -17154.808616  20137.026713   -276.477267  5  5  5  62       
PG19  15594.121376   9645.074190 -19444.315304    704.704909  6  3  8  77       
PG20  12887.190225  -9061.046751  21444.529365    264.621261  7  5  7  82       
PG21  25379.926920   1541.090711   7746.693660    380.191870  4  4  5  84       
PG22  23748.052905  11079.304882   3416.373748     61.545191  2  3  4  73       
PG23 -14440.070359 -14875.722809  16854.129711    680.803135  6  4  3  74       
PG24  14673.107523 -21813.302913  -2599.343268    168.260382  6  8  6  72       
PG25  -5266.824741 -16462.744093 -20617.239522    396.436089  4  5  5  79       
PG26 -26553.587885  -3270.581143   1013.080581   -389.568704  1  2  3  71       
PG27 -14702.687654   4130.045017  21363.456799      0.501446  6  3  2  73       
PG28 -15829.588045  -4366.875694 -20876.954338   -438.285793  4  6  6  83       
PG29  -3834.410263 -26118.756341  -1928.308976   -259.374073  4  4  5  51       
PG30  12827.238741   9436.185946  21478.555720    335.478895  3  3  5  81       
PG31 -21078.021703   4713.719750 -15946.706075   -127.015530  6  4  3  85       
PG32 -15241.643530 -15394.978498 -15204.744989    225.100530  5  3  4  68       
*  2026  8 19 15 15  0.00000000
PG01 -14895.490425  21056.270629  -6147.952063    193.060486  6  5  5  96       
PG02 -17302.165106  19381.690549   3942.926311    160.121191  5  7  3  86       
PG03  -8724.122092  12662.266616 -21855.457321    314.498589  3  3  3  96       
PG04  -2252.567492  22950.844736 -12984.424383     64.195461  3  6  4  96       
PG05  20966.663708  -6835.426834  14641.339440   -236.110822  2  2  5  96       
PG06  15493.233744   3851.656248 -21193.667077   -546.843268  2  3  3  70       
PG07   -573.113668  20100.457937  17794.860291   -216.973338  4  1  3  80       
PG08  -9565.688298  14571.881381  19706.136766    369.636363  5  3  2  84       
PG09   6999.481195  25347.907683  -3503.235449    697.899128  3  2  3  86       
PG10 -21897.107615 -11466.741404  10449.797256   -548.617780  4  1  2  68       
PG11  20884.325974  -7497.078177 -14472.162480   -237.150058  5  4  5  69       
PG12  10863.479568 -12444.611290 -21083.483987   -603.872409  6  3  2  65       
PG13  12409.432406 -12348.549309 -20052.260158    431.140704  6  9  6  70       
PG14  19534.116480  13302.975930  12542.367139    750.206639  2  4  5  80       
PG15   6605.886122 -16542.370994  19138.843196    437.841730  4  3  4  83       
PG16 -24762.333265    147.293265   9770.958972    318.781393  3  2  2  91       
PG17  12698.762401  21186.419745  -9012.271452   -190.354080  4  3  5  80       
PG18   -523.043126 -18678.186113  18817.010096   -276.469257  4  6  5  81       
PG19  15916.421026  11744.114062 -18022.636614    704.704854  6  4  7  83       
PG20  13698.736044  -6737.762946  21794.115944    264.630200  7  4  6  89       
PG21  26032.358776   1939.387511   5010.964569    380.185555  3  5  5  84       
PG22  23166.602376  11186.710220   6211.475525     61.552918  2  4  5  69       
PG23 -12466.273145 -14555.931479  18600.336812    680.806514  5  5  3  73       
PG24  15003.740892 -21667.785748    221.961288    168.276383  6  8  5  94       
PG25  -2977.141687 -16072.407836 -21361.548392    396.433079  4  5  5  83       
PG26 -26500.494610  -3583.063611  -1751.415612   -389.570337  1  2  3  74       
PG27 -15490.883482   1742.634040  21175.502331      0.501388  6  3  2  83       
PG28 -14271.911435  -6226.807950 -21515.970652   -438.276092  3  5  5  93       
PG29  -3485.363222 -25808.805758  -4757.252047   -259.367742  4  4  5  73       
PG30  11202.090054  11233.944607  21500.362204    335.490254  3  3  4  87       
PG31 -19886.577074   3267.612853 -17744.827118   -127.013067  5  5  3  91       
PG32 -15583.350261 -17019.257608 -13026.138579    225.117811  6  2  3  73       
*  2026  8 19 15 30  0.00000000
PG01 -15462.401927  21272.139141  -3364.176431    193.052097  6  5  5  88       
PG02 -17217.331858  18739.220469   6747.957017    160.127380  5  6  3  65       
PG03 -11081.707822  12202.232431 -21016.915388    314.480618  3  2  2  95       
PG04  -2948.166625  21475.307728 -15193.795350     64.195906  4  6  4  91       
PG05  22506.302673  -6503.408557  12357.544276   -236.111345  2  3  5  99       
PG06  13918.216023   5749.908096 -21831.517545   -546.834433  2  2  3  78       
PG07  -1870.936398  21419.289183  15978.435766   -216.976268  4  2  3  83       
PG08 -10642.031001  12462.717241  20615.459843    369.627412  4  3  2  92       
PG09   6568.943567  24931.594930  -6302.411025    697.891799  3  2  3  88       
PG10 -20614.319834 -11351.695238  12924.088533   -548.611962  4  1  2  56       
PG11  19842.319455  -6037.935351 -16480.942510   -237.139166  4  4  5  68       
PG12  13087.718198 -11848.424994 -20129.782847   -603.871571  6  3  2  68       
PG13  14587.937230 -11975.814415 -18768.253000    431.145128  6  9  5  50       
PG14  17983.679560  13258.845458  14708.910014    750.206597  2  4  4  78       
PG15   7931.640830 -14578.132397  20175.777279    437.844498  3  3  3  88       
PG16 -25687.854527   -309.812351   7172.061432    318.787336  3  2  2  87       
PG17  12721.316392  22156.415190  -6336.278138   -190.358719  3  3  5  82       
PG18    909.897322 -20159.474334  17171.677313   -276.461163  4  7  5  78       
PG19  16302.206199  13649.307718 -16297.665622    704.705072  6  4  7  89       
PG20  14638.018402  -4443.097593  21770.752443    264.639235  7  3  6  93       
PG21  26395.558918   2245.934981   2189.189639    380.179252  3  4  5  86       
PG22  22292.049827  11243.106430   8898.552463     61.560408  1  4  5  72       
PG23 -10298.606489 -14324.266285  20031.693316    680.809865  5  5  3  75       
PG24  15170.261722 -21266.068274   3039.300279    168.292357  6  8  5  85       
PG25   -606.732737 -15790.879741 -21751.927863    396.430096  4  5  5  97       
PG26 -26156.652158  -3876.949898  -4486.582064   -389.571925  2  2  3  83       
PG27 -16378.834795   -558.098435  20612.063876      0.501086  6  3  3  69       
PG28 -12782.095332  -8206.534308 -21784.732282   -438.266384  3  5  4 100       
PG29  -3031.167040 -25213.576766  -7503.519582   -259.361302  4  4  5  73       
PG30   9676.196385  13097.020436  21158.794438    335.501542  2  3  4  94       
PG31 -18652.302100   1621.648067 -19247.410572   -127.010428  5  5  2  85       
PG32 -15917.692810 -18377.044735 -10621.764787    225.135163  6  3  3  53       
*  2026  8 19 15 45  0.00000000
PG01 -15813.798487  21271.317069   -522.186421    193.043693  6  5  4  77       
PG02 -17004.198848  17826.203748   9433.792972    160.133988  4  6  2  67       
PG03 -13349.844103  11892.001275 -19822.763599    314.462578  3  2  3  92       
PG04  -3810.860244  19820.816173 -17139.063597     64.196335  4  7  4  86       
PG05  23788.768945  -6271.840920   9859.285475   -236.111549  2  4  5  89       
PG06  12420.142879   7775.371688 -22092.084783   -546.825619  2  2  4  83       
PG07  -2979.171939  22628.635539  13894.012722   -216.979629  4  3  4  83       
PG08 -11854.427755  10337.332051  21160.938614    369.618474  4  3  2  87       
PG09   5981.647769  24258.900334  -8992.898499    697.884414  3  3  3  83       
PG10 -19064.181184 -11282.299058  15183.035101   -548.606183  5  1  2  66       
PG11  18747.349260  -4359.474052 -18203.898513   -237.128260  3  4  5  80       
PG12  15217.441537 -11390.098679 -18837.939614   -603.870775  6  3  2  73       
PG13  16620.366917 -11726.346682 -17163.350200    431.149532  5  9  5  54       
PG14  16204.914890  13266.921393  16627.650214    750.206526  2  4  4  73       
PG15   9407.237271 -12596.842902  20847.936173    437.847284  3  2  3  95       
PG16 -26339.789567   -659.337024   4451.224416    318.793244  3  2  2  77       
PG17  12681.459132  22830.672097  -3548.231906   -190.363401  2  2  5  74       
PG18   2142.012516 -21552.819899  15228.750213   -276.453161  3  7  5  81       
PG19  16720.131987  15331.224340 -14299.337017    704.705435  6  4  7  81       
PG20  15686.235279  -2222.040302  21374.792680    264.648252  6  2  6  93       
PG21  26455.088435   2495.749241   -670.177694    380.172948  3  4  4  68       
PG22  21133.414089  11286.572757  11431.557185     61.568143  1  4  5  80       
PG23  -7977.471232 -14206.115412  21123.455633    680.813126  5  5  3  83       
PG24  15203.469226 -20591.499690   5802.703126    168.308277  5  7  5 112       
PG25   1800.272074 -15628.988025 -21781.440783    396.427081  4  5  5  93       
PG26 -25527.216406  -4186.605987  -7146.761478   -389.573554  2  2  3  86       
PG27 -17341.685779  -2729.771514  19684.718497      0.500863  6  3  3  74       
PG28 -11392.692502 -10269.375615 -21678.542754   -438.256656  3  5  3  90       
PG29  -2441.882173 -24356.984146 -10119.481264   -259.354667  3  5  5  71       
PG30   8274.477392  14986.703021  20458.800002    335.512909  2  3  3  93       
PG31 -17415.588004   -206.780856 -20429.419304   -127.007750  5  5  2  92       
PG32 -16205.429848 -19455.330030  -8033.959601    225.152483  6  3  2  59       
*  2026  8 19 16  0  0.00000000
PG01 -15975.288825  21027.096178   2328.840707    193.035319  6  6  4  78       
PG02 -16702.995407  16642.533845  11953.974513    160.140170  4  5  2  87       
PG03 -15480.516481  11720.223977 -18292.615227    314.444536  3  2  3  83       
PG04  -4850.000518  18031.935384 -18786.683697     64.196719  4  7  4  80       
PG05  24787.004374  -6108.374828   7190.240241   -236.111605  2  5  5  72       
PG06  11032.379960   9889.232500 -21970.369152   -546.816792  2  2  5  84       
PG07  -3900.791862  23685.760717  11574.784868   -216.982670  4  3  3  76       
PG08 -13186.516686   8241.578063  21334.236041    369.609564  4  3  2  90       
PG09   5213.733552  23361.344135 -11528.524436    697.877153  3  3  3  85       
PG10 -17274.431002 -11292.898864  17189.219855   -548.600337  5  1  2  74       
PG11  17641.431596  -2479.428465 -19611.199348   -237.117346  3  3  5  80       
PG12  17208.132535 -11059.730994 -17229.179295   -603.870364  5  4  3  70       
PG13  18465.601689 -11581.368636 -15264.888567    431.153931  5  9  4  71       
PG14  14228.596898  13354.878694  18265.996080    750.206466  1  4  4  77       
PG15  11011.331407 -10643.794752  21142.614406    437.849916  3  2  2  97       
PG16 -26700.317297   -934.028834   1655.108144    318.799344  3  2  2  89       
PG17  12541.901242  23212.333920   -697.657798   -190.368022  1  2  5  74       
PG18   3171.692012 -22812.665312  13021.288572   -276.445129  2  8  5  77       
PG19  17134.979031  16767.681551 -12061.856621    704.705566  6  5  7  74       
PG20  16817.496180   -115.704320  20612.931134    264.657323  6  2  5  93       
PG21  26205.146165   2725.906553  -3518.038361    380.166694  3  5  4  74       
PG22  19708.190666  11353.637761  13767.535333     61.575767  1  4  5  76       
PG23  -5548.161766 -14219.742336  21856.479091    680.816488  4  6  3  84       
PG24  15137.705088 -19635.674193   8462.560205    168.324273  4  7  5  74       
PG25   4198.241725 -15590.037077 -21448.904067    396.424079  4  5  5  90       
PG26 -24625.072140  -4545.005917  -9687.708059   -389.575207  3  2  3  91       
PG27 -18348.653715  -4735.751355  18411.494462      0.500593  6  3  3  72       
PG28 -10129.819497 -12373.707947 -21199.156828   -438.246941  3  5  3  89       
PG29  -1692.937052 -23269.994968 -12559.867847   -259.347958  3  5  5  71       
PG30   7015.044661  16860.898378  19411.341117    335.524282  2  4  4  89       
PG31 -16213.925988  -2192.899933 -21270.967478   -127.005208  5  5  2  85       
PG32 -16406.855371 -20250.088025  -5307.916957    225.169900  6  3  2  58       
*  2026  8 19 16 15  0.00000000
PG01 -15978.037174  20519.709132   5139.556011    193.026868  6  6  4  67       
PG02 -16354.590204  15196.895064  14265.564889    160.146600  4  5  2  82       
PG03 -17429.259727  11667.680818 -16451.778437    314.426446  2  2  3  86       
PG04  -6066.655283  16155.668930 -20108.386007     64.197171  4  6  4  87       
PG05  25482.286652  -5976.762733   4396.887291   -236.111956  1  6  5  83       
PG06   9781.496238  12047.507482 -21468.016057   -546.807969  2  1  5  92       
PG07  -4646.299770  24550.284635   9058.399639   -216.985829  4  4  3  64       
PG08 -14614.765354   6218.085253  21133.737435    369.600624  4  3  2  75       
PG09   4248.153349  22276.010296 -13865.919198    697.869827  3  4  3  83       
PG10 -15279.735532 -11412.644589  18909.339442   -548.594500  5  2  2  62       
PG11  16563.903767   -423.508090 -20678.539292   -237.106488  3  3  4  78       
PG12  19018.581329 -10840.128882 -15330.019852   -603.869452  5  4  3  70       
PG13  20087.754457 -11515.682720 -13105.219063    431.158330  5  9  4  60       
PG14  12091.238051  13544.885160  19595.920870    750.206378  2  4  3  62       
PG15  12715.171391  -8760.876524  21054.260038    437.852697  2  2  2  85       
PG16 -26759.722929  -1169.442854  -1168.877669    318.805445  3  2  2  91       
PG17  12267.752758  23313.417768   2165.188092   -190.373386  1  1  5  55       
PG18   4005.746827 -23895.496454  10587.149171   -276.437083  2  8  4  70       
PG19  17509.066941  17944.355589  -9623.128031    704.705749  6  5  6  75       
PG20  17999.749876   1840.061516  19498.096134    264.666393  6  4  5  91       
PG21  25648.807863   2973.913926  -6305.486032    380.160418  3  5  4  78       
PG22  18041.718903  11477.717196  15867.316503     61.583784  1  3  5  77       
PG23  -3059.348758 -14375.507453  22217.569781    680.819831  4  6  3  81       
PG24  15009.338554 -18399.025831  10970.616783    168.340188  4  6  5  85       
PG25   6541.531284 -15669.667299 -20758.951275    396.421075  4  5  4  83       
PG26 -23470.374947  -4982.329470 -12067.247713   -389.576871  3  3  3  82       
PG27 -19364.278683  -6546.338271  16816.414366      0.500308  6  3  3  53       
PG28  -9012.263547 -14474.405234 -20354.755351   -438.237238  3  5  3  83       
PG29   -766.284163 -21989.415984 -14782.567677   -259.341639  3  5  4  81       
PG30   5908.630066  18675.579293  18033.278668    335.535685  2  5  4  90       
PG31 -15080.555555  -4305.276865 -21757.631574   -127.002652  4  5  2  84       
PG32 -16483.459512 -20766.208042  -2490.868429    225.187236  6  3  2  60       
*  2026  8 19 16 30  0.00000000
PG01 -15857.388075  19737.227268   7861.308554    193.018626  6  6  4  69       
PG02 -15998.751961  13506.477601  16329.848882    160.152838  4  4  2  85       
PG03 -19156.701312  11708.089063 -14330.890078    314.408377  2  2  3  81       
PG04  -7453.404098  14239.715347 -21081.656231     64.197552  3  6  4  85       
PG05  25864.839533  -5838.467161   1527.669897   -236.112081  1  6  5  79       
PG06   8686.329032  14202.583069 -20593.318955   -546.799111  3  1  6  79       
PG07  -5233.249452  25185.755004   6386.472524   -216.988934  4  5  3  59       
PG08 -16109.332182   4304.772805  20564.479638    369.591716  4  2  3  87       
PG09   3075.510949  21044.089276 -15965.244864    697.862541  3  4  3  78       
PG10 -13120.541469 -11664.294354  20314.696828   -548.588591  5  3  2  72       
PG11  15549.905943   1775.405210 -21387.561607   -237.095591  3  3  4  76       
PG12  20612.298431 -10707.551753 -13171.893788   -603.868891  5  4  3  62       
PG13  21457.401182 -11498.763708 -10721.172528    431.162782  4 10  4  66       
PG14   9833.892163  13852.643197  20594.432373    750.206340  2  3  3  68       
PG15  14483.624062  -6984.992816  20584.605966    437.855427  2  1  2  87       
PG16 -26516.668096  -1402.389141  -3973.336727    318.811492  3  2  2  87       
PG17  11828.063408  23154.149663   4990.265009   -190.377829  1  1  4  72       
PG18   4658.973880 -24761.536037   7968.345186   -276.429044  2  8  4  87       
PG19  17803.754884  18855.108949  -7024.142229    704.705752  5  6  6  69       
PG20  19195.960987   3615.857466  18049.240290    264.675397  6  4  4  87       
PG21  24797.936793   3276.064287  -8984.642523    380.154094  3  4  4  68       
PG22  16166.267160  11687.705115  17696.113715     61.591082  2  3  5  81       
PG23   -561.429166 -14675.394310  22199.749208    680.823220  3  6  3  78       
PG24  14855.145971 -16891.071505  13280.977974    168.356160  3  5  5  89       
PG25   8785.981166 -15856.000917 -19722.022393    396.418052  4  5  4  85       
PG26 -22089.846137  -5524.671939 -14245.901701   -389.578529  3  3  3  77       
PG27 -20349.854289  -8139.654645  14928.934854      0.499825  6  3  4  69       
PG28  -8050.882826 -16524.426473 -19159.809564   -438.227517  3  5  3  85       
PG29    348.705462 -20556.468974 -16749.359026   -259.334818  3  5  4  70       
PG30   4958.295547  20386.331952  16347.161045    335.547091  3  6  4  80       
PG31 -14043.274027  -6506.787082 -21880.693079   -127.000278  4  4  1  94       
PG32 -16399.532612 -21017.092145    368.748615    225.204582  6  3  1  44       
*  2026  8 19 16 45  0.00000000
PG01 -15651.335807  18676.161688  10447.002680    193.010278  6  5  4  69       
PG02 -15672.503472  11596.370374  18112.915445    160.159433  5  4  2  88       
PG03 -20629.931854  11809.192871 -11965.459408    314.390221  2  2  4  82       
PG04  -8994.475280  12330.715958 -21690.105730     64.198033  3  6  4  90       
PG05  25934.102985  -5654.352099  -1367.862864   -236.112225  2  7  4  80       
PG06   7757.359902  16304.910006 -19361.101562   -546.790300  3  1  6  76       
PG07  -5685.477904  25561.125758   3603.998311   -216.992077  4  5  2  43       
PG08 -17635.180286   2533.576408  19637.952035    369.582769  4  2  3  76       
PG09   1694.601340  19709.283396 -17790.853919    697.855210  3  5  3  77       
PG10 -10841.730600 -12063.257115  21381.634838   -548.582768  5  4  2  78       
PG11  14629.042994   4078.342085 -21726.172929   -237.084648  3  3  4  85       
PG12  21958.771612 -10632.712889 -10790.691117   -603.868544  4  4  3  73       
PG13  22552.575692 -11496.066168  -8153.449166    431.167197  3  9  4  77       
PG14   7500.790573  14286.677602  21243.973885    750.206269  3  3  3  75       
PG15  16276.488808  -5346.708954  19742.624060    437.858244  3  2  2  83       
PG16 -25978.164190  -1669.361555  -6711.617727    318.817455  4  3  2  85       
PG17  11197.189108  22761.992620   7728.658867   -190.382672  1  1  4  73       
PG18   5153.398031 -25376.313894   5210.315897   -276.420948  2  9  3  81       
PG19  17980.976272  19502.028531  -4308.337694    704.706018  5  6  5  62       
PG20  20365.491526   5189.669809  16291.030854    264.684426  6  5  4  95       
PG21  23672.768969   3665.840220 -11509.476159    380.147794  3  4  3  76       
PG22  14119.877683  12006.768719  19224.026876     61.599109  2  3  5  78       
PG23   1895.197560 -15112.861696  21802.424951    680.826561  2  6  3  86       
PG24  14710.655554 -15130.279417  15351.094839    168.372122  2  5  5  91       
PG25  10890.378238 -16130.072874 -18354.276993    396.415069  4  5  4  89       
PG26 -20515.846497  -6192.909702 -16187.469390   -389.580133  4  3  3  82       
PG27 -21264.976014  -9502.206917  12783.302884      0.500254  6  4  4  53       
PG28  -7248.323025 -18476.487061 -17634.836797   -438.217793  4  6  3  80       
PG29   1654.644131 -19015.211820 -18426.565178   -259.328255  3  5  4  76       
PG30   4159.438968  21949.943364  14380.916173    335.558499  3  6  4  74       
PG31 -13123.448953  -8755.793001 -21637.309243   -126.997585  4  4  1  90       
PG32 -16123.652074 -21023.943312   3222.119189    225.221937  6  4  2  56       
*  2026  8 19 17  0  0.00000000
PG01 -15398.899593  17341.743307  12851.926648    193.002137  6  5  3  66       
PG02 -15408.631532   9498.666685  19586.121746    160.165756  5  4  2  95       
PG03 -21823.649937  11934.098225  -9395.324801    314.372122  2  2  4  91       
PG04 -10666.216909  10472.562701 -21923.727639     64.198481  3  6  5  89       
PG05  25698.656936  -5386.389514  -4239.920171   -236.112429  2  6  4  68       
PG06   6996.427589  18304.789303 -17792.479430   -546.781414  3  2  7  84       
PG07  -6032.070864  25652.080242    758.658956   -216.995258  4  6  2  44       
PG08 -19153.393341    929.437166  18371.781041    369.573858  4  2  3  64       
PG09    112.632765  18316.137076 -19311.869342    697.847858  4  5  3  84       
PG10  -8491.120558 -12616.906876  22091.907096   -548.576887  5  4  1  75       
PG11  13824.278828   6441.569779 -21688.743300   -237.073686  3  3  5  85       
PG12  23034.519659 -10582.004753  -8226.226060   -603.867700  4  4  3  81       
PG13  23359.490976 -11470.497482  -5445.940660    431.171590  3  9  4  75       
PG14   5137.858376  14847.897811  21532.749584    750.206255  3  3  3  92       
PG15  18050.037994  -3869.182368  18544.304256    437.860812  3  2  2  80       
PG16 -25159.257601  -2005.003298  -9338.508020    318.823494  4  3  2  84       
PG17  10355.932488  22170.415411  10333.439919   -190.387204  1  1  4  77       
PG18   5517.219875 -25712.048689   2361.119557   -276.412868  2  9  3  96       
PG19  18004.754481  19895.176485  -1520.937707    704.706028  5  6  5  63       
PG20  21465.635629   6547.524674  14253.444095    264.693454  5  6  4  89       
PG21  22301.188691   4172.428414 -13836.589298    380.141513  3  4  3  77       
PG22  11945.019978  12451.387584  20426.448519     61.606674  3  3  4  86       
PG23   4261.864434 -15673.031370  21031.461232    680.829888  2  5  3  83       
PG24  14608.533086 -13143.558234  17142.699883    168.388091  2  4  4  87       
PG25  12817.828303 -16466.536845 -16677.426707    396.412081  3  5  4  82       
PG26 -18785.261226  -7001.760030 -17859.566071   -389.581688  4  4  3  84       
PG27 -22069.141681 -10629.109780  10417.848816      0.500520  5  4  3  51       
PG28  -6599.060965 -20284.750291 -15806.051320   -438.208124  4  6  3  85       
PG29   3145.848200 -17410.868591 -19785.621317   -259.321796  3  5  4  75       
PG30   3500.100203  23325.970941  12167.446511    335.569856  3  7  4  84       
PG31 -12335.269179 -11007.498491 -21030.607962   -126.994758  4  5  1  87       
PG32 -15629.997853 -20814.777313   6020.861692    225.239294  6  4  2  70       
*  2026  8 19 17 15  0.00000000
PG01 -15138.469485  15747.870429  15034.537011    192.993815  6  4  3  65       
PG02 -15234.405258   7251.327061  20726.440187    160.172134  5  4  2  92       
PG03 -22721.035750  12042.805630  -6664.028076    314.354007  3  3  4  70       
PG04 -12437.881547   8704.831617 -21779.036313     64.198908  3  5  5  93       
PG05  25175.805896  -4999.314012  -7039.323248   -236.113022  3  6  3  55       
PG06   6396.790691  20154.179158 -15914.503697   -546.772552  3  3  7  83       
PG07  -6306.091010  25442.138317  -2099.967927   -216.998281  4  6  2  70       
PG08 -20622.636604   -490.414745  16789.311785    369.564891  4  3  3  73       
PG09  -1654.875630  16908.356104 -20502.678451    697.840499  4  5  3  85       
PG10  -6117.861618 -13324.193420  22432.982446   -548.571049  4  5  1  66       
PG11  13151.106016   8818.103302 -21276.189071   -237.062755  3  3  5  86       
PG12  23823.902065 -10518.906160  -5521.631058   -603.866870  3  3  3  71       
PG13  23872.958959 -11384.000364  -2644.995033    431.175994  3  9  4  62       
PG14   2791.162808  15529.453973  21454.967456    750.206292  3  3  3  82       
PG15  19758.711996  -2567.427176  17012.267869    437.863717  3  2  2  82       
PG16 -24082.444309  -2440.661436 -11810.884736    318.829345  4  4  2  77       
PG17   9292.416892  21417.458663  12760.451671   -190.391703  2  2  4  75       
PG18   5783.510419 -25748.782434   -529.435020   -276.404871  1  9  2  79       
PG19  17842.647893  20052.064771   1291.729127    704.706268  5  7  4  78       
PG20  22453.249610   7683.833943  11971.269294    264.702428  5  6  3  93       
PG21  20717.721843   4819.402773 -15925.961716    380.135153  3  3  2  80       
PG22   9687.106444  13030.667152  21284.372466     61.614496  3  3  4  85       
PG23   6493.318576 -16333.208979  19899.144222    680.833235  2  5  3  88       
PG24  14577.084939 -10965.381632  18622.659974    168.404037  1  5  4  91       
PG25  14536.990678 -16834.627077 -14718.483058    396.409074  3  5  4  87       
PG26 -16938.234017  -7959.067266 -19234.111912   -389.583256  4  4  3  93       
PG27 -22723.339505 -11523.975115   7874.235940      0.500791  5  4  3  76       
PG28  -6089.773283 -21906.474126 -13704.915994   -438.198409  4  7  2  78       
PG29   4808.387084 -15788.134734 -20803.544506   -259.315247  3  5  3  84       
PG30   2961.560394  24478.234430   9744.128670    335.581265  4  7  4  65       
PG31 -11685.263372 -13215.434229 -20069.702551   -126.992378  3  5  1  88       
PG32 -14899.450502 -20423.200747   8717.810023    225.256697  5  4  2  77       
*  2026  8 19 17 30  0.00000000
PG01 -14906.188887  13916.725805  16957.184199    192.985286  6  4  3  82       
PG02 -15170.543878   4896.850276  21516.693278    160.178410  5  5  1  87       
PG03 -23314.316870  12093.884716  -3818.113017    314.335847  3  3  5  88       
PG04 -14272.692181   7061.401719 -21259.090130     64.199307  3  5  5  98       
PG05  24390.844616  -4462.161941  -9718.334439   -236.112891  3  6  3  35       
PG06   5943.538590  21808.451199 -13759.692460   -546.763679  4  3  7  92       
PG07  -6543.111680  24923.491034  -4921.290773   -217.001390  5  6  2  66       
PG08 -22000.702535  -1716.861805  14919.101965    369.555929  4  3  4  61       
PG09  -3584.514922  15527.179555 -21343.334709    697.833148  4  5  3  83       
PG10  -3770.783164 -14175.565463  22398.278531   -548.565203  4  5  1  80       
PG11  12617.022183  11159.344415 -20495.938258   -237.051874  3  4  5  95       
PG12  24319.651263 -10405.521675  -2722.683161   -603.866405  3  3  3  52       
PG13  24096.491929 -11199.184259    201.364451    431.180384  3  9  4  64       
PG14    505.349240  16316.896113  21010.993225    750.206247  3  4  3  79       
PG15  21356.890087  -1447.940947  15175.230826    437.866431  3  2  2  69       
PG16 -22776.839051  -3003.077822 -14088.320297    318.835474  4  5  2  86       
PG17   8002.665878  20544.160635  14969.019615   -190.396224  3  2  3  72       
PG18   5988.705220 -25475.218833  -3410.700288   -276.396884  1  8  2  83       
PG19  17467.075270  19996.872818   4082.919521    704.706423  5  7  4  80       
PG20  23286.415519   8601.419801   9483.529432    264.711423  5  6  4  90       
PG21  18962.285258   5623.627710 -17741.637271    380.128821  2  3  2  88       
PG22   7392.926568  13745.945388  21784.607841     61.622274  4  3  3  90       
PG23   8549.285625 -17063.723119  18424.038238    680.836534  2  5  3  92       
PG24  14638.950943  -8636.582351  19763.716588    168.420000  1  5  4  85       
PG25  16023.128373 -17199.347393 -12509.417246    396.406075  3  5  4  85       
PG26 -15016.792851  -9065.340537 -20287.768022   -389.584811  4  4  3  87       
PG27 -23191.562811 -12198.481194   5196.684712      0.500790  5  5  3  53       
PG28  -5700.015575 -23303.549850 -11367.602096   -438.188727  4  7  2  80       
PG29   6620.456942 -14189.523496 -21463.300339   -259.308597  4  5  3  85       
PG30   2519.215796  25376.171451   7152.221474    335.592637  4  7  5  63       
PG31 -11172.106650 -15333.024328 -18769.622060   -126.989713  4  5  2  85       
PG32 -13920.434904 -19887.004695  11267.756965    225.274041  5  5  2  76       
*  2026  8 19 17 45  0.00000000
PG01 -14734.437903  11878.078220  18586.766075    192.976993  6  4  2  92       
PG02 -15230.463252   2480.807473  21945.683605    160.184930  5  5  1  78       
PG03 -23605.000264  12046.228010   -906.356697    314.317730  4  3  5  71       
PG04 -16129.146251   5569.310840 -20373.399868     64.199694  3  5  4  95       
PG05  23376.036643  -3749.636879 -12231.448514   -236.113390  3  5  2  32       
PG06   5614.334734  23228.025842 -11365.457904   -546.754882  4  3  7  83       
PG07  -6779.610980  24097.514393  -7654.661122   -217.004774  4  7  3  71       
PG08 -23246.079482  -2748.979607  12794.343335    369.546967  4  3  3  74       
PG09  -5645.708907  14209.865084 -21819.863302    697.825756  4  5  3  94       
PG10  -1496.745808 -15153.212512  21987.319730   -548.559322  4  5  2  61       
PG11  12221.332197  13416.784388 -19361.780311   -237.040981  3  5  6  85       
PG12  24523.103114 -10204.197290    122.930370   -603.865715  2  3  2  69       
PG13  24042.080703 -10880.942650   3044.253962    431.184827  3  9  5  71       
PG14  -1677.878155  17188.635001  20207.409252    750.206195  3  4  3  76       
PG15  22800.656362   -508.703794  13067.337832    437.868966  3  2  2  65       
PG16 -21277.130770  -3713.258071 -16133.640384    318.841650  4  5  2  71       
PG17   6490.873144  19592.907680  16922.571939   -190.401108  3  3  3  66       
PG18   6170.959873 -24889.228609  -6232.125564   -276.388895  1  8  2  81       
PG19  16856.476306  19759.435423   6806.172015    704.706814  5  7  4  80       
PG20  23926.074626   9311.216652   6832.827136    264.720410  5  5  4  81       
PG21  17078.739704   6594.424751 -19252.342202    380.122481  2  3  2  81       
PG22   5109.056651  14590.700575  21919.902113     61.630006  4  4  3  92       
PG23  10395.855910 -17829.054889  16630.730611    680.839898  2  5  3  87       
PG24  14810.051236  -6202.868072  20545.086957    168.435911  2  5  3  75       
PG25  17258.931815 -17522.849523 -10086.729499    396.403049  3  5  4  86       
PG26 -13063.413540 -10313.560460 -21002.315237   -389.586348  4  4  3  86       
PG27 -23442.196279 -12671.649142   2431.187996      0.500992  5  5  3  63       
PG28  -5403.185253 -24443.873213  -8834.366442   -438.179044  4  8  1  89       
PG29   8553.062742 -12653.817163 -21754.062126   -259.302168  4  5  2  77       
PG30   2143.696243  25996.001323   4436.188751    335.604055  5  7  5  77       
PG31 -10786.726877 -17315.180522 -17151.152942   -126.986929  4  6  2  77       
PG32 -12689.482838 -19246.628366  13628.150683    225.291432  5  5  2  72       
*  2026  8 19 18  0  0.00000000
PG01 -14650.477449   9668.296178  19895.297921    192.968698  5  4  2  77       
PG02 -15419.818584     50.295917  22008.227622    160.191382  6  5  1  84       
PG03 -23603.756739  11860.816371   2021.055562    314.299636  4  3  5  74       
PG04 -17962.505923   4247.890082 -19137.726894     64.200096  3  4  4  80       
PG05  22169.347743  -2843.251119 -14536.134690   -236.113613  3  5  2  31       
PG06   5380.462619  24379.821087  -8773.439831   -546.746020  4  3  7  73       
PG07  -7051.291719  22974.925059 -10250.385290   -217.007662  5  7  3  68       
PG08 -24319.483484  -3593.802008  10452.226131    369.537939  4  4  4  80       
PG09  -7801.709636  12988.343366 -21924.467863    697.818370  4  5  3  85       
PG10    660.943970 -16231.621629  21205.814291   -548.553439  4  4  2  69       
PG11  11955.282096  15543.704403 -17893.604345   -237.030082  4  5  6  87       
PG12  24444.111758  -9879.151805   2966.398426   -603.864842  2  2  2  69       
PG13  23729.656934 -10397.993315   5834.764074    431.189196  3  9  5  69       
PG14  -3721.174240  18116.692195  19056.973157    750.206116  2  5  3  73       
PG15  24049.482436    260.458699  10727.392330    437.872061  3  1  2  51       
PG16 -19622.361493  -4585.553776 -17913.433167    318.847447  4  5  2  83       
PG17   4769.360325  18605.774176  18589.167658   -190.405466  3  3  3  72       
PG18   6368.435319 -23997.999028  -8944.195564   -276.380887  1  8  3  79       
PG19  15996.267237  19374.035121   9416.003929    704.707205  6  7  4  73       
PG20  24337.567916   9831.661355   4064.625885    264.729389  5  5  4  77       
PG21  15113.301654   7733.035502 -20432.024526    380.116222  2  3  3  89       
PG22   2880.300740  15550.757790  21688.977580     61.637717  4  4  2  87       
PG23  12006.636721 -18589.218305  14549.465004    680.843278  2  5  2  76       
PG24  15098.838601  -3713.126770  20952.905222    168.451867  2  4  3  80       
PG25  18235.080243 -17765.954410  -7490.927193    396.400018  3  5  4  87       
PG26 -11119.569487 -11689.264123 -21364.970844   -389.587908  4  4  4  86       
PG27 -23449.225992 -12968.863015   -375.268570      0.500451  4  5  3  63       
PG28  -5167.730225 -25302.495038  -6148.856456   -438.169386  5  8  2  89       
PG29  10570.980660 -11214.681653 -21671.360609   -259.295581  4  5  2  89       
PG30   1802.187492  26321.647733   1642.945898    335.615448  5  6  5  79       
PG31 -10512.712252 -19119.867505 -15240.588391   -126.984221  4  6  2  73       
PG32 -11211.497907 -18543.550047  15759.737775    225.308859  4  5  2  63       
*  2026  8 19 18 15  0.00000000
PG01 -14675.307294   7329.112464  20860.389121    192.960373  5  5  2  76       
PG02 -15736.349650  -2347.631635  21705.102642    160.197650  5  5  1  76       
PG03 -23329.957377  11502.426322   4913.398567    314.281544  4  3  5  82       
PG04 -19726.416227   3108.207108 -17573.777197     64.200491  3  4  4  89       
PG05  20812.984415  -1732.202009 -16593.519399   -236.113786  4  5  1  63       
PG06   5208.132086  25238.456392  -6028.758585   -546.737149  4  3  7  82       
PG07  -7391.400580  21575.556121 -12660.764452   -217.010648  4  7  3  81       
PG08 -25185.296996  -4265.788446   7933.261039    369.528980  3  4  4  77       
PG09 -10010.828016  11888.090559 -21655.637108    697.811002  4  5  4  91       
PG10   2664.000399 -17378.434805  20065.645292   -548.547622  3  4  3  78       
PG11  11802.517506  17496.808036 -16117.032002   -237.019169  3  5  6  80       
PG12  24100.646497  -9398.060831   5758.613443   -603.864350  2  2  2  74       
PG13  23186.259097  -9724.281016   8524.800974    431.193597  4  9  5  56       
PG14  -5592.814807  19067.715614  17578.472057    750.206030  3  5  3  79       
PG15  25067.755460    877.174533   8198.009390    437.874786  3  2  3  60       
PG16 -17854.570052  -5626.986214 -19398.508850    318.853635  4  5  2  88       
PG17   2858.231859  17622.914057  19941.930437   -190.409941  4  3  2  81       
PG18   6617.584896 -22817.820163 -11499.350678   -276.372859  1  7  4  88       
PG19  14879.557419  18878.039478  11868.603140    704.707163  5  7  5  81       
PG20  24492.023745  10187.794758   1226.477857    264.738392  4  4  4  61       
PG21  13112.874361   9032.402730 -21260.305274    380.109920  2  4  3  94       
PG22    748.215642  16604.781855  21096.486044     61.645628  4  4  1  90       
PG23  13363.622838 -19301.340919  12215.665350    680.846617  3  5  2  82       
PG24  15505.891958  -1217.600585  20980.489498    168.467831  2  4  3  90       
PG25  18950.512944 -17889.762453  -4765.913101    396.397041  3  5  4  90       
PG26  -9224.317193 -13170.908939 -21368.637966   -389.589346  4  4  4  94       
PG27 -23193.234154 -13120.677170  -3175.469405      0.500106  4  5  2  82       
PG28  -4958.555821 -25862.506697  -3357.355271   -438.159721  5  8  3  96       
PG29  12633.962371  -9899.495876 -21217.124214   -259.288985  4  5  2  89       
PG30   1459.907105  26345.379099  -1178.957999    335.626879  5  6  5  78       
PG31 -10327.011193 -20709.582022 -13069.382612   -126.981703  4  6  2  69       
PG32  -9499.716819 -17818.663637  17627.147617    225.326277  4  5  2  72       
*  2026  8 19 18 30  0.00000000
PG01 -14822.782429   4906.187991  21465.618808    192.952045  6  5  3  82       
PG02 -16170.024537  -4667.508101  21042.916377    160.204198  5  5  1  68       
PG03 -22810.875366  10941.209963   7720.303844    314.263444  4  3  5  91       
PG04 -21374.588536   2152.836306 -15708.798737     64.200863  2  4  4  90       
PG05  19351.793872   -413.952437 -18369.001422   -236.114402  3  5  2  64       
PG06   5059.992687  25787.163355  -3179.202341   -546.728236  5  3  6 115       
PG07  -7829.124436  19927.748407 -14841.132282   -217.013571  4  7  4  82       
PG08 -25812.863866  -4786.020979   5280.572216    369.519997  3  4  4  73       
PG09 -12227.853294  10927.259260 -21018.151414    697.803603  4  5  4  87       
PG10   4480.452346 -18555.582174  18584.770119   -548.541778  3  5  3  84       
PG11  11739.846620  19237.723344 -14062.952826   -237.008298  4  5  6  87       
PG12  23518.080569  -8733.530034   8451.026738   -603.863817  2  1  1  64       
PG13  22444.933323  -8840.186906  11067.919391    431.197992  4 10  4  67       
PG14  -7267.752449  20004.226165  15796.469837    750.205966  3  5  3  80       
PG15  25826.090147   1365.527049   5524.719229    437.877394  3  2  3  62       
PG16 -16017.345286  -6836.832454 -20564.308596    318.859523  5  5  2  91       
PG17    784.746532  16681.061320  20959.388708   -190.414609  4  3  2  72       
PG18   6951.515229 -21373.516178 -13852.868089   -276.364801  1  7  5  57       
PG19  13507.599821  18310.429109  14122.508505    704.707411  5  6  5  79       
PG20  24367.538170  10410.108789  -1632.788966    264.747347  4  4  4  72       
PG21  11123.361932  10477.279094 -21722.833731    380.103652  2  4  3  88       
PG22  -1250.231276  17725.035691  20152.886364     61.653054  4  4  1  80       
PG23  14457.747560 -19921.384644   9669.355178    680.850028  3  5  2  94       
PG24  16023.868599   1233.986181  20628.428394    168.483777  3  4  2  71       
PG25  19412.392181 -17857.292604  -1958.287821    396.394011  3  5  4  92       
PG26  -7412.966934 -14730.507067 -21012.081848   -389.590880  5  4  4  78       
PG27 -22662.148522 -13161.459844  -5922.705603      0.500687  4  5  2  38       
PG28  -4738.574556 -26115.626113   -507.980121   -438.149995  5  9  4  83       
PG29  14698.134068  -8728.438357 -20399.611666   -259.282609  4  5  2  77       
PG30   1081.675682  26068.135952  -3980.207937    335.638316  5  5  5  66       
PG31 -10200.904530 -22052.689187 -10673.708682   -126.979135  5  6  2  62       
PG32  -7575.371173 -17110.698235  19199.413816    225.343648  4  5  2  65       
*  2026  8 19 18 45  0.00000000
PG01 -15099.021675   2447.530859  21700.804818    192.943674  6  6  4  78       
PG02 -16703.468658  -6866.913550  20033.907804    160.210444  5  4  2  77       
PG03 -22080.580594  10154.081621  10392.667480    314.245360  4  3  5  72       
PG04 -22862.485165   1375.961175 -13575.090871     64.201288  2  4  3 100       
PG05  17831.585900   1105.503999 -19832.792436   -236.114727  3  5  2  67       
PG06   4896.792220  26018.366885   -274.365356   -546.719305  5  2  6  70       
PG07  -8388.141836  18067.372966 -16750.856128   -217.016916  4  7  4  96       
PG08 -26177.596888  -5181.167084   2539.173542    369.510998  3  5  4  69       
PG09 -14405.608762  10116.098685 -20022.990493    697.796217  3  5  4 101       
PG10   6085.714880 -19720.655843  16787.023600   -548.535959  3  5  3  93       
PG11  11738.276016  20734.317674 -11766.971671   -236.997427  4  6  5  73       
PG12  22728.194204  -7864.396595  10996.516660   -603.862906  2  1  1  77       
PG13  21543.410733  -7733.495977  13420.132472    431.202397  5 10  4  88       
PG14  -8728.422923  20886.051038  13740.946762    750.205872  3  5  3  87       
PG15  26302.376277   1754.811926   2755.048227    437.879950  3  3  3  61       
PG16 -14154.335589  -8206.487199 -21391.261444    318.865819  4  6  3  93       
PG17  -1417.565574  15812.190547  21625.724402   -190.419211  4  3  2  77       
PG18   7398.489745 -19697.545359 -15963.684005   -276.356717  2  6  5  67       
PG19  11889.956265  17710.266441  16139.272017    704.707415  5  6  6  79       
PG20  23950.101106  10533.183484  -4463.910766    264.756276  4  3  5  68       
PG21   9188.030772  12044.660499 -21811.540366    380.097421  1  5  3  87       
PG22  -3083.828099  18878.375116  18874.249312     61.660777  4  4  1  70       
PG23  15289.088534 -20405.939557   6954.479993    680.853390  3  5  2  94       
PG24  16637.813869   3594.258151  19904.488391    168.499737  3  4  2  79       
PG25  19635.751014 -17635.085952    883.426409    396.390981  3  5  4  94       
PG26  -5715.886356 -16334.512959 -20300.026980   -389.592466  5  4  3  79       
PG27 -21851.726126 -13127.925077  -8571.478156      0.499870  4  5  2  67       
PG28  -4470.337634 -26062.461588   2350.151779   -438.140324  5  9  4  89       
PG29  16717.536266  -7713.863292 -19233.240390   -259.275763  4  5  2  66       
PG30    633.519664  25499.527224  -6711.623664    335.649834  5  5  6  78       
PG31 -10101.218996 -23124.562496  -8093.920609   -126.976420  5  6  2  69       
PG32  -5467.063628 -16454.735742  20450.429383    225.361092  4  5  2  75       
*  2026  8 19 19  0  0.00000000
PG01 -15502.130695      1.831868  21562.162361    192.935444  6  5  4  49       
PG02 -17312.657779  -8907.811286  18695.687215    160.216906  5  5  2  77       
PG03 -21178.567617   9125.851783  12883.550779    314.227240  4  2  5  78       
PG04 -24148.941563    763.801736 -11209.435570     64.201679  2  4  2  92       
PG05  16297.438797   2811.701102 -20960.377409   -236.115033  3  5  2  76       
PG06   4679.112594  25933.914107   2635.245175   -546.710331  4  2  6  69       
PG07  -9085.403063  16036.520108 -18354.266329   -217.019917  4  7  3  76       
PG08 -26261.862231  -5482.250955   -244.761152    369.502016  2  5  3  64       
PG09 -16496.586430   9456.684228 -18687.144367    697.788816  3  4  4  89       
PG10   7463.394792 -20828.479292  14701.820787   -548.530040  2  5  3  84       
PG11  11764.277240  21961.775978  -9268.778982   -236.986609  4  6  5  85       
PG12  21767.926607  -6776.802869  13350.252617   -603.862265  2  2  1  79       
PG13  20522.611957  -6400.082941  15540.683890    431.206784  5 10  4  82       
PG14  -9965.267082  21671.890498  11446.833054    750.205828  3  5  3  80       
PG15  26482.527298   2078.110219    -62.397880    437.882687  3  3  3  71       
PG16 -12307.762825  -9719.605910 -21865.087212    318.871692  5  6  3  94       
PG17  -3710.004576  15042.380910  21930.933810   -190.423900  4  2  1  82       
PG18   7980.637225 -17828.806806 -17795.139079   -276.348656  2  6  5  69       
PG19  10044.367000  17115.158237  17884.094898    704.707770  5  5  6  73       
PG20  23234.230920  10594.166778  -7218.040395    264.765223  3  4  4  61       
PG21   7345.981054  13704.528535 -21524.782811    380.091106  1  5  3  89       
PG22  -4728.070989  20027.444344  17281.993723     61.668494  4  3  1  82       
PG23  15866.716341 -20714.018810   4118.143287    680.856693  4  5  2  76       
PG24  17325.808655   5819.896184  18823.350930    168.515680  3  4  2  68       
PG25  19642.831682 -17194.707690   3709.629794    396.387988  4  5  4  78       
PG26  -4157.481725 -17944.937583 -19243.168850   -389.594123  5  4  3  82       
PG27 -20765.760210 -13057.606543 -11078.162415      0.500261  4  5  2  72       
PG28  -4117.683842 -25712.443329   5167.774976   -438.130623  5  9  5  99       
PG29  18645.745827  -6859.986943 -17738.315546   -259.269078  4  4  2  78       
PG30     84.238939  24657.490594  -9325.074106    335.661393  5  5  6  92       
PG31  -9991.740415 -23908.479231  -5373.922610   -126.974004  5  6  3  80       
PG32  -3209.881356 -15880.877506  21359.332723    225.378462  4  5  2  69       
*  2026  8 19 19 15  0.00000000
PG01 -16022.249134  -2383.219501  21052.350919    192.927129  6  5  5  63       
PG02 -17967.846797 -10757.718260  17050.922081    160.223299  5  5  3  67       
PG03 -20148.169701   7850.058116  15149.054369    314.209226  3  2  5  78       
PG04 -25197.665610    295.347718  -8652.460932     64.202044  2  4  2  86       
PG05  14792.051312   4682.077809 -21732.890414   -236.115337  2  5  2  78       
PG06   4369.112191  25544.943077   5499.115342   -546.701451  4  2  5  66       
PG07  -9930.202594  13881.909870 -19621.479199   -217.022990  4  7  3  84       
PG08 -26055.613685  -5723.281003  -3024.624632    369.493024  2  5  3  72       
PG09 -18454.600734   8942.965271 -17033.330813    697.781420  3  4  4  87       
PG10   8605.794417 -21832.818216  12363.756813   -548.524177  2  5  3  76       
PG11  11781.233480  22903.402893  -6611.455828   -236.975730  5  6  4  85       
PG12  20677.922828  -5464.993865  15470.536659   -603.861492  2  2  2  67       
PG13  19425.036639  -4844.287665  17392.767877    431.211197  5 10  4  75       
PG14 -10976.943865  22320.958122   8953.440671    750.205763  3  5  3  78       
PG15  26360.910385   2370.742856  -2878.827027    437.885424  3  3  3  68       
PG16 -10516.988855 -11352.526817 -21977.042514    318.877800  5  6  3  87       
PG17  -6049.978730  14390.918783  21870.904732   -190.428005  4  2  1  80       
PG18   8712.918447 -15811.204111 -19315.631498   -276.340592  2  6  5  74       
PG19   7996.323552  16559.766529  19326.428768    704.707825  4  5  6  85       
PG20  22223.291248  10631.156443  -9847.597317    264.774191  2  5  4  64       
PG21   5630.786693  15420.874494 -20867.381942    380.084767  2  6  3  74       
PG22  -6165.873242  21132.030688  15402.557414     61.676349  4  3  1  75       
PG23  16208.188472 -20808.781192   1209.769662    680.860000  4  5  2  71       
PG24  18059.918507   7873.146811  17406.194592    168.531681  3  4  3  71       
PG25  19462.133511 -16514.082419   6470.542661    396.384923  4  5  4  90       
PG26  -2755.396812 -19520.654104 -17858.094334   -389.595664  5  4  3  78       
PG27 -19416.008470 -12987.326644 -13401.630008      0.499595  3  5  2  66       
PG28  -3647.340781 -25083.425512   7896.329931   -438.120969  6  8  5  85       
PG29  20437.519166  -6162.893512 -15940.665758   -259.263019  3  4  3  55       
PG30   -593.127361  23567.627034 -11774.384966    335.672910  5  5  6 100       
PG31  -9834.775260 -24396.230528  -2560.451489   -126.971218  5  6  3  66       
PG32   -844.277864 -15413.105702  21910.821876    225.395852  4  5  2  74       
*  2026  8 19 19 30  0.00000000
PG01 -16641.918924  -4662.574283  20180.409825    192.918861  6  5  5  32       
PG02 -18634.700296 -12390.675425  15126.974101    160.229619  5  5  4  87       
PG03 -19034.821617   6329.455204  17149.146001    314.191201  3  3  4  85       
PG04 -25978.558699    -56.632844  -5947.948048     64.202441  2  4  2  79       
PG05  13354.200125   6686.660779 -22137.402544   -236.116018  2  6  3  83       
PG06   3932.203925  24871.397997   8267.625535   -546.692560  4  1  5  56       
PG07 -10923.593759  11653.095484 -20529.082432   -217.025945  4  6  3  80       
PG08 -25556.758696  -5939.784502  -5754.091676    369.484069  2  5  3  80       
PG09 -20236.400807   8561.128714 -15089.623365    697.774019  3  4  4  84       
PG10   9514.087918 -22688.171115   9812.103187   -548.518385  2  5  3  81       
PG11  11751.009149  23551.119819  -3840.726428   -236.964853  5  6  4  74       
PG12  19500.931430  -3931.800389  17319.603353   -603.860841  2  3  1  86       
PG13  18293.100619  -3078.963266  18944.183528    431.215608  6 10  4  71       
PG14 -11770.221772  22794.629670   6303.800403    750.205686  4  5  3  51       
PG15  25940.452564   2668.673202  -5646.112170    437.888090  2  3  3  66       
PG16  -8817.182065 -13074.961403 -21724.106086    318.884027  5  6  3  82       
PG17  -8392.412494  13869.665227  21447.414333   -190.432775  4  3  1  84       
PG18   9602.392471 -13692.026155 -20499.165109   -276.332562  3  6  5  79       
PG19   5778.353692  16074.422630  20440.532010    704.708058  4  5  6  74       
PG20  20929.476041  10681.547745 -12307.099625    264.783172  2  6  4  76       
PG21   4069.355983  17152.966513 -19850.546926    380.078477  2  6  3  68       
PG22  -7388.008173  22150.532439  13267.005935     61.684066  4  3  1  83       
PG23  16338.706389 -20659.109448  -1719.788803    680.863278  4  6  2  64       
PG24  18807.394529   9723.072204  15680.142912    168.547671  4  4  3  64       
PG25  19127.202698 -15578.601932   9117.138844    396.381851  4  5  4  93       
PG26  -1519.963176 -21018.851687 -16167.105303   -389.597223  5  4  3  85       
PG27 -17821.849181 -12951.712627 -15503.825566      0.499307  3  5  2  95       
PG28  -3030.415255 -24200.974625  10488.804325   -438.111319  6  8  6  79       
PG29  22050.395403  -5610.857688 -13871.192637   -259.256212  3  4  3  64       
PG30  -1420.000345  22262.233734 -14016.218112    335.684380  5  5  6 101       
PG31  -9592.801058 -24588.415155    297.718809   -126.968657  5  6  3  79       
PG32   1585.238509 -15068.378693  22095.394503    225.413226  4  5  3  73       
*  2026  8 19 19 45  0.00000000
PG01 -17336.758312  -6795.356254  18961.584903    192.910571  6  5  5  67       
PG02 -19275.586079 -13787.990031  12955.491512    160.236259  6  5  4  84       
PG03 -17884.241441   4576.138563  18848.422687    314.173165  3  3  4  70       
PG04 -26468.810333   -324.349804  -3142.092656     64.202870  2  4  2  87       
PG05  12017.358167   8789.026509 -22167.119417   -236.116139  2  6  3  85       
PG06   3338.601484  23941.212353  10892.928362   -546.683692  4  2  5  64       
PG07 -12058.177619   9400.544109 -21060.657092   -217.028832  3  6  3  92       
PG08 -24771.247214  -6167.301890  -8387.816643    369.475112  2  5  3  85       
PG09 -21803.182210   8290.264319 -12888.994937    697.766644  3  3  4  82       
PG10  10198.155791 -23351.572022   7090.202419   -548.512474  2  6  3  82       
PG11  11635.580968  23905.640066  -1004.171418   -236.954029  5  6  3  77       
PG12  18280.116628  -2188.782053  18864.358521   -603.860140  2  3  2  86       
PG13  17167.485891  -1125.192826  20167.910763    431.220013  6 10  4  85       
PG14 -12359.549226  23058.033647   3543.914400    750.205591  4  5  3  81       
PG15  25232.430772   3006.922410  -8317.587008    437.890542  2  4  4  78       
PG16  -7238.129321 -14850.934821 -21109.098619    318.890189  5  6  4  76       
PG17 -10691.235640  13482.705551  20668.051947   -190.437473  4  3  1  74       
PG18  10647.810747 -11520.212143 -21325.783098   -276.324449  3  6  5  68       
PG19   3429.037591  15683.897189  21205.970421    704.708512  3  5  6  89       
PG20  19373.461870  10780.412106 -14553.962827    264.792223  2  7  4  68       
PG21   2681.056583  18856.811805 -18491.689954    380.072173  2  6  4  83       
PG22  -8393.271373  23041.490460  10910.581813     61.691566  4  3  2  81       
PG23  16289.968029 -20240.977487  -4619.184495    680.866574  5  5  2  71       
PG24  19532.066059  11346.494340  13677.601951    168.563668  4  4  4  73       
PG25  18675.209129 -14381.952122  11602.093781    396.378789  5  5  4  99       
PG26   -453.927673 -22396.586856 -14197.941180   -389.598882  5  4  3  84       
PG27 -16009.679826 -12981.808664 -17350.296361      0.498947  3  5  3  95       
PG28  -2243.714022 -23097.372040  12900.546534   -438.101674  6  7  6  85       
PG29  23446.200207  -5184.969480 -11565.342097   -259.249796  3  3  3  71       
PG30  -2411.183133  20779.073666 -16010.901431    335.695795  5  5  6  96       
PG31  -9230.139967 -24494.397876   3150.638027   -126.966184  5  6  3  67       
PG32   4031.564966 -14855.992071  21909.511088    225.430633  4  5  3  77       
*  2026  8 19 20  0  0.00000000
PG01 -18076.414484  -8746.229550  17417.050309    192.902242  7  5  5  64       
PG02 -19850.989140 -14938.728511  10571.959564    160.242336  6  5  4  96       
PG03 -16740.606022   2611.293836  20216.788817    314.155168  3  3  4  87       
PG04 -26653.726660   -543.560319   -282.733268     64.203280  2  3  2  68       
PG05  10808.523168  10947.508142 -21821.486590   -236.116565  1  6  3  89       
PG06   2564.672016  22789.194388  13329.786639   -546.674850  3  3  5  83       
PG07 -13318.277993   7173.686594 -21207.117563   -217.031758  3  5  3  91       
PG08 -23712.883341  -6439.893343 -10882.107497    369.466100  2  5  3  87       
PG09 -23121.942535   8103.307065 -10468.783008    697.759296  3  3  4  64       
PG10  10676.076308 -23784.334337   4244.765883   -548.506614  2  6  3  67       
PG11  11398.667205  23976.317319   1849.584597   -236.943173  5  6  3  69       
PG12  17057.353772   -256.018404  20077.037842   -603.859493  2  3  2  80       
PG13  16085.568292    988.316263  21042.596638    431.224420  6 10  4  85       
PG14 -12766.317785  23081.517408    721.937233    750.205568  4  4  3  72       
PG15  24255.965307   3418.057837 -10848.776045    437.893354  2  4  4  80       
PG16  -5803.235687 -16639.949741 -20140.731429    318.896373  5  5  4  82       
PG17 -12900.902952  13226.289103  19546.070743   -190.441973  4  4  1  76       
PG18  11839.553101  -9344.571769 -21781.881021   -276.316398  2  6  5  81       
PG19    991.784410  15406.375671  21608.050440    704.708365  3  5  6  85       
PG20  17583.739592  10958.971182 -16549.250486    264.801215  3  8  4  85       
PG21   1477.138453  20486.758240 -16814.133236    380.065842  2  6  4  92       
PG22  -9188.356375  23765.131863   8372.196847     61.699255  4  2  2  88       
PG23  16098.761722 -19538.547717  -7437.524374    680.869913  5  5  3  63       
PG24  20195.858971  12728.603706  11435.513616    168.579743  4  4  4  62       
PG25  18145.366756 -12926.616260  13880.723772    396.375746  5  5  3  88       
PG26    447.526345 -23612.376000 -11983.397762   -389.600461  4  4  3  73       
PG27 -14012.080052 -13103.828995 -18910.673341      0.498672  3  5  3  89       
PG28  -1270.842815 -21810.369918  15090.036891   -438.091970  5  7  6  88       
PG29  24592.395053  -4860.035997  -9062.506232   -259.243377  2  3  3  59       
PG30  -3574.052691  19159.931942 -17723.188701    335.707182  5  5  6  95       
PG31  -8714.586240 -24131.926797   5948.090002   -126.963422  5  6  4  63       
PG32   6446.564083 -14777.228733  21355.678729    225.448032  4  5  3  82       
*  2026  8 19 20 15  0.00000000
PG01 -18825.757105 -10486.550711  15573.531330    192.893862  7  6  6  61       
PG02 -20321.000656 -15839.945573   8015.211090    160.248693  6  5  5  81       
PG03 -15644.795945    464.578231  21230.033692    314.137190  3  3  3  82       
PG04 -26527.263310   -752.006386   2581.442463     64.203660  3  4  3  74       
PG05   9747.298262  13116.603724 -21106.201854   -236.116949  2  7  3  78       
PG06   1594.042119  21455.661106  15536.356000   -546.666089  3  3  5  68       
PG07 -14680.493497   5019.029686 -20966.859310   -217.034961  3  5  3  93       
PG08 -22402.868382  -6788.708861 -13195.571261    369.457154  2  5  3  85       
PG09 -24166.630604   7968.221600  -7870.083344    697.751915  4  3  3  82       
PG10  10973.286621 -23953.663977   1325.083226   -548.500802  2  6  3  66       
PG11  11007.292394  23780.675292   4671.697591   -236.932329  5  6  2  72       
PG12  15871.579199   1838.448397  20935.767630   -603.858942  2  3  2  90       
PG13  15079.985014   3226.138411  21552.942279    431.228822  6 10  4  98       
PG14 -13017.845556  22841.926433  -2112.698660    750.205489  4  5  3  54       
PG15  23037.245809   3930.808400 -13198.052575    437.896151  2  5  4  79       
PG16  -4528.749796 -18398.339179 -18833.577621    318.902120  5  5  4  77       
PG17 -14977.893992  13089.058471  18100.171575   -190.445978  4  4  1  69       
PG18  13159.905069  -7212.032006 -21860.396252   -276.308327  2  6  5  85       
PG19  -1486.591513  15252.683077  21638.172657    704.708765  4  5  6  95       
PG20  15595.650236  11243.227256 -18258.362592    264.810255  4  8  4  88       
PG21    460.476889  21997.173831 -14846.712742    380.059573  3  6  4  85       
PG22  -9787.446553  24284.873230   5693.870045     61.707151  4  2  3  69       
PG23  15805.359143 -18544.950826 -10125.316971    680.873224  4  5  3  61       
PG24  20760.371100  13863.219842   8994.550990    168.595758  4  5  4  77       
PG25  17577.263244 -11224.025396  15911.891247    396.372685  4  4  3  98       
PG26   1196.458396 -24627.768513  -9560.841875   -389.601968  4  4  3  69       
PG27 -11866.767331 -13338.092504 -20159.102061      0.499685  3  5  4  96       
PG28   -103.040292 -20381.749027  17019.603246   -438.082266  5  6  6  90       
PG29  25463.222595  -4605.724908  -6405.365143   -259.236758  2  3  4  77       
PG30  -4908.057823  17449.018951 -19122.930756    335.718547  5  5  6  90       
PG31  -8018.917794 -23526.418630   8640.533803   -126.961111  4  5  4  77       
PG32   8782.670056 -14825.312149  20442.452804    225.465402  4  4  4  82       
*  2026  8 19 20 30  0.00000000
PG01 -19546.266048 -11995.262678  13462.835387    192.885532  7  6  6  34       
PG02 -20646.834613 -16496.642233   5326.898375    160.255066  6  6  5  77       
PG03 -14632.783350  -1826.842702  21870.294302    314.119194  3  4  3  60       
PG04 -26092.243790   -987.779785   5401.701380     64.204043  3  4  3  69       
PG05   8845.257789  15248.535689 -20033.134047   -236.117449  3  7  3  77       
PG06    418.414428  19984.876563  17474.898406   -546.657267  2  3  5  76       
PG07 -16114.597291   2978.419741 -20345.713285   -217.037917  3  4  3  88       
PG08 -20869.092053  -7240.670511 -15289.726389    369.448174  2  5  3  83       
PG09 -24919.046165   7849.384889  -5137.080217    697.744475  4  3  3  64       
PG10  11121.440586 -23834.072504  -1617.844688   -548.495024  3  6  3  66       
PG11  10433.227575  23343.638079   7413.927342   -236.921475  5  7  2  78       
PG12  14757.264310   4059.500529  21425.012166   -603.858424  2  3  2  89       
PG13  14177.398758   5547.302448  21689.982537    431.233216  7 10  4  86       
PG14 -13146.120761  22323.641275  -4910.194851    750.205382  3  4  3  71       
PG15  21608.526598   4568.853024 -15327.221331    437.898855  3  5  4  87       
PG16  -3423.247060 -20080.766450 -17207.959021    318.908398  5  5  4  86       
PG17 -16882.143563  13052.558668  16354.221794   -190.450795  4  5  1  66       
PG18  14583.662083  -5165.979448 -21560.873959   -276.300263  2  7  5  55       
PG19  -3957.446559  15225.794078  21294.093240    704.709012  4  5  6  86       
PG20  13450.161769  11652.804828 -19651.648566    264.819270  5  8  4  76       
PG21   -374.354652  23344.139431 -12623.285031    380.053224  3  6  4  84       
PG22 -10211.535037  24568.731236   2920.114170     61.714684  4  2  3  80       
PG23  15451.774127 -17262.713819 -12635.394721    680.876595  4  4  3  56       
PG24  21188.437638  14752.707130   6398.280789    168.611751  5  5  4  82       
PG25  17009.170762  -9294.342289  17658.850403    396.369614  4  4  3  95       
PG26   1811.556768 -25408.838101  -6971.624161   -389.603532  4  4  3  66       
PG27  -9615.379415 -13698.173557 -21074.621690      0.499477  3  5  5  87       
PG28   1260.285997 -18855.734650  18656.068439   -438.072588  4  6  6  89       
PG29  26040.606374  -4387.905690  -3639.178712   -259.230348  2  3  4  66       
PG30  -6404.545854  15691.287418 -20185.641741    335.729857  5  5  6  84       
PG31  -7122.224899 -22709.935848  11180.054086   -126.958579  4  5  4  81       
PG32  10994.486044 -14985.667278  19184.353793    225.482757  3  4  4  76       
*  2026  8 19 20 45  0.00000000
PG01 -20197.559451 -13259.498336  11121.299802    192.877148  7  7  6  67       
PG02 -20792.323575 -16921.452919   2550.927160    160.261347  6  6  5  59       
PG03 -13734.230140  -4219.564715  22126.392137    314.101201  3  4  3  53       
PG04 -25360.256130  -1287.676085   8130.066787     64.204400  3  4  4  73       
PG05   8105.621532  17294.905953 -18620.148659   -236.117761  4  7  3  88       
PG06   -961.935773  18423.357148  19112.414819   -546.648463  1  4  4  76       
PG07 -17584.737197   1087.537105 -19356.714560   -217.040945  4  4  3  87       
PG08 -19145.196198  -7817.311651 -17129.577667    369.439223  2  5  3  78       
PG09 -25369.455711   7709.115583  -2316.322132    697.737096  4  4  2  68       
PG10  11157.004498 -23408.526725  -4532.233657   -548.489202  2  6  4  62       
PG11   9654.251408  22696.492107  10029.446193   -236.910525  6  6  2  74       
PG12  13743.079173   6366.127266  21535.894698   -603.857753  2  3  2  82       
PG13  13397.507577   7906.686007  21451.252517    431.237649  7 10  4  92       
PG14 -13186.356519  21519.326285  -7621.316008    750.205249  3  4  2  52       
PG15  20006.933846   5349.819700 -17202.025107    437.901493  3  6  4  80       
PG16  -2487.395679 -21641.823455 -15289.742265    318.914310  5  4  4  79       
PG17 -18578.355834  13092.008539  14336.911219   -190.455537  4  5  2  64       
PG18  16079.032979  -3244.761866 -20889.412552   -276.292226  2  7  5  59       
PG19  -6371.979483  15320.655207  20580.081324    704.709596  5  5  6  78       
PG20  11192.433777  12200.050051 -20704.933242    264.828314  5  8  4  91       
PG21  -1040.684989  24487.089135 -10182.145315    380.046947  3  6  4  86       
PG22 -10487.493305  24590.590392     97.274563     61.722500  4  2  4  69       
PG23  15079.960277 -15703.817296 -14923.790518    680.879957  4  4  3  62       
PG24  21445.623787  15407.563685   3692.315788    168.627717  5  5  4  61       
PG25  16476.412474  -7165.882376  19090.008306    396.366587  4  4  3  93       
PG26   2317.249208 -25927.530368  -4260.395519   -389.605122  4  4  3  57       
PG27  -7302.122680 -14190.297740 -21641.489742      0.500278  4  5  5  89       
PG28   2811.342897 -17277.332114  19971.318676   -438.062896  3  5  5  81       
PG29  26314.772125  -4170.137780   -811.038755   -259.224033  1  3  4  54       
PG30  -8046.925805  13930.734217 -20892.947379    335.741165  5  5  5  93       
PG31  -6010.995265 -21719.894225  13521.297358   -126.955971  4  4  4  73       
PG32  13040.316585 -15236.483403  17601.696734    225.500067  3  3  4  63       
*  2026  8 19 21  0  0.00000000
PG01 -20739.003087 -14274.872294   8589.166060    192.868896  7  7  6  68       
PG02 -20725.344955 -17134.069316   -267.146421    160.267651  6  6  5  75       
PG03 -12971.355030  -6665.469202  21994.036224    314.083264  3  3  2  72       
PG04 -24351.232069  -1685.599531  10720.107277     64.204851  3  4  4  70       
PG05   7523.249989  19208.387315 -16890.841259   -236.117830  4  7  3  81       
PG06  -2538.001508  16818.110963  20421.187476   -546.639631  1  4  4  86       
PG07 -19050.874511   -625.314097 -18019.700607   -217.043944  4  4  2  86       
PG08 -17269.442231  -8533.813083 -18684.149221    369.430198  2  5  4  76       
PG09 -25516.900131   7509.292782    544.046866    697.729779  5  4  2  70       
PG10  11119.644892 -22669.280409  -7366.485731   -548.483388  2  6  4  62       
PG11   8655.184326  21875.620038  12473.620822   -236.899578  5  6  2  70       
PG12  12850.803174   8712.856158  21266.382685   -603.857378  3  3  2  82       
PG13  12752.339796  10256.577894  20840.837310    431.242103  7  9  4  77       
PG14 -13175.416827  20430.356299 -10198.314890    750.205185  3  5  2  77       
PG15  18273.130821   6284.523715 -18792.576583    437.904167  4  7  4  76       
PG16  -1714.021810 -23037.672624 -13110.038068    318.920347  5  4  4  84       
PG17 -20037.158493  13177.308785  12081.347003   -190.460087  4  5  3  49       
PG18  17608.803900  -1480.404767 -19858.493922   -276.284178  3  7  6  66       
PG19  -8682.936245  15524.334320  19506.961468    704.709703  5  5  5  77       
PG20   8870.225613  12889.424473 -21399.945774    264.837408  5  8  4  87       
PG21  -1559.034840  25390.334651  -7565.366627    380.040599  3  6  4  89       
PG22 -10646.917921  24331.280960  -2727.175122     61.730108  4  2  4  83       
PG23  14730.022993 -13889.379094 -16950.548672    680.883328  4  3  3  62       
PG24  21501.588738  15845.713467    923.477002    168.643716  5  5  4  61       
PG25  16009.857988  -4874.192723  20179.578586    396.363581  4  3  3  95       
PG26   2742.569008 -26162.808200  -1474.336300   -389.606699  3  4  4  64       
PG27  -4972.329509 -14813.004225 -21849.449412      0.500543  4  5  5  74       
PG28   4534.062970 -15690.646331  20942.783286   -438.053166  2  5  5  92       
PG29  26284.567995  -3915.249445   2030.907570   -259.217767  1  3  4  41       
PG30  -9811.160929  12208.758135 -21232.905759    335.752518  5  4  5  92       
PG31  -4679.904408 -20597.552562  15622.369852   -126.953711  4  4  4  82       
PG32  14883.580007 -15549.562808  15720.331196    225.517434  2  3  4  80       
*  2026  8 19 21 15  0.00000000
PG01 -21131.339261 -15045.451499   5909.891267    192.860533  7  7  6  71       
PG02 -20419.129949 -17160.416283  -3080.754776    160.274083  6  6  5  72       
PG03 -12358.116087  -9113.439474  21475.888225    314.065273  3  3  3  65       
PG04 -23092.724501  -2211.078681  13127.701182     64.205274  4  4  4  70       
PG05   7084.962087  20944.390043 -14874.180570   -236.118366  5  7  3  87       
PG06  -4292.226767  15214.879891  21379.224329   -546.630848  1  4  4  85       
PG07 -20470.389769  -2140.073733 -16360.760998   -217.046943  5  4  2  88       
PG08 -15283.419662  -9398.270188 -19926.970905    369.421266  3  5  4  78       
PG09 -25369.181010   7213.002963   3395.089215    697.722429  5  4  1  70       
PG10  11050.473666 -21618.346258 -10070.178440   -548.477559  1  6  4  63       
PG11   7428.656699  20921.055346  14704.755106   -236.888714  5  6  3  81       
PG12  12094.529513  11051.373683  20621.331672   -603.856711  3  3  3  85       
PG13  12245.861936  12548.347783  19869.303570    431.246482  8  9  5  88       
PG14 -13150.179967  19066.901333 -12595.831582    750.205085  3  5  2  70       
PG15  16449.889526   7376.464647 -20073.717898    437.906773  5  7  4  89       
PG16  -1088.480285 -24227.673225 -10704.799011    318.926392  5  4  4  81       
PG17 -21236.057811  13274.253722   9624.588952   -190.464620  5  5  3  53       
PG18  19131.714248    102.410913 -18486.705869   -276.276135  4  7  6  42       
PG19 -10846.281269  15816.499724  18092.032154    704.709864  6  5  5  74       
PG20   6532.209836  13717.217822 -21724.643325    264.846520  5  8  4  86       
PG21  -1956.123723  26024.414243  -4818.071525    380.034186  3  6  4  83       
PG22 -10724.793114  23779.424958  -5505.374291     61.738050  4  2  4  80       
PG23  14438.520705 -11848.977681 -18680.452398    680.886659  3  3  4  64       
PG24  21331.273703  16091.541327  -1861.018090    168.659729  5  4  4  89       
PG25  15634.615772  -2460.826683  20908.108140    396.360544  3  3  2  99       
PG26   3119.818829 -26101.542749   1337.688964   -389.608324  3  5  4  67       
PG27  -2670.971135 -15557.089012 -21693.935525      0.500328  4  4  5  84       
PG28   6404.539945 -14137.250156  21553.818018   -438.043476  2  4  4  85       
PG29  25957.471902  -3586.947974   4838.251898   -259.211112  1  4  4  59       
PG30 -11666.568881  10562.641687 -21200.195058    335.763829  4  4  5  74       
PG31  -3132.272730 -19386.347498  17445.672845   -126.951076  3  4  4  76       
PG32  16494.048401 -15891.428878  13571.290438    225.534782  1  2  4  72       
*  2026  8 19 21 30  0.00000000
PG01 -21338.272833 -15583.407367   3129.408373    192.852164  7  7  6  73       
PG02 -19853.409241 -17031.602947  -5842.991631    160.280459  6  6  5  81       
PG03 -11899.741493 -11511.198055  20581.489201    314.047302  3  3  3  57       
PG04 -21618.909719  -2887.948650  15311.765718     64.205710  4  4  5  76       
PG05   6770.165314  22462.642717 -12604.064041   -236.118913  5  6  3  87       
PG06  -6199.021727  13656.451828  21970.600423   -546.622026  1  4  4  81       
PG07 -21799.778552  -3445.423349 -14411.564787   -217.050001  6  5  2  79       
PG08 -13230.638255 -10411.218285 -20836.512862    369.412324  3  4  5  74       
PG09 -24942.524205   6786.152111   6187.897101    697.715049  5  4  1  81       
PG10  10990.224121 -20267.581286 -12595.049360   -548.471722  1  6  4  66       
PG11   5975.581965  19874.912648  16684.782953   -236.877837  5  5  3  56       
PG12  11480.197254  13332.267707  19612.386399   -603.856171  3  3  3  87       
PG13  11873.915086  14734.158150  18553.513942    431.250901  8  9  5  84       
PG14 -13145.908698  17447.664348 -14771.745746    750.205056  2  5  1  62       
PG15  14580.617679   8621.592938 -21025.311216    437.909628  5  7  4  95       
PG16   -589.326056 -25175.929891  -8114.313229    318.932358  5  3  4  72       
PG17 -22160.161007  13345.907204   7007.126797   -190.469673  5  5  4  74       
PG18  20603.989110   1487.075105 -16798.365639   -276.268104  5  7  6  75       
PG19 -12822.766956  16170.217442  16358.853837    704.710234  6  5  5  74       
PG20   4226.256573  14671.591849 -21673.423441    264.855580  5  8  4  77       
PG21  -2263.633418  26367.213498  -1987.649141    380.027864  3  6  4  80       
PG22 -10758.014539  22932.014693  -8189.846336     61.745614  4  2  4  76       
PG23  14236.925772  -9619.644150 -20083.652559    680.890025  3  4  4  39       
PG24  20915.876263  16174.717742  -4614.328617    168.675724  5  4  5  77       
PG25  15368.981521     28.133072  21262.861507    396.357529  4  3  2 104       
PG26   3483.085042 -25739.107073   4126.034862   -389.609955  2  5  4  73       
PG27   -441.174605 -16405.835210 -21176.214262      0.500377  4  4  6  68       
PG28   8391.771831 -12654.664232  21793.985747   -438.033725  2  4  4  76       
PG29  25349.285514  -3151.400496   7563.124858   -259.204535  2  4  5  57       
PG30 -13576.894578   9024.218777 -20796.166487    335.775133  4  3  4  73       
PG31  -1380.165636 -18130.144479  18958.652511   -126.948493  3  4  4  68       
PG32  17848.867285 -16224.657222  11190.349502    225.552166  1  1  4  77       
*  2026  8 19 21 45  0.00000000
PG01 -21327.953855 -15908.364105    295.347312    192.843796  7  7  6  57       
PG02 -19015.352730 -16782.679766  -8507.315373    160.286747  6  6  5  82       
PG03 -11592.625902 -13807.189314  19327.051363    314.029346  2  3  3  77       
PG04 -19969.350952  -3733.249885  17234.940245     64.206094  4  4  5  77       
PG05   6551.776894  23728.628558 -10118.789869   -236.119011  4  6  4  87       
PG06  -8225.588831  12181.106802  22185.692998   -546.613210  2  4  4  75       
PG07 -22996.359891  -4538.905759 -12208.594345   -217.053163  7  5  2  64       
PG08 -11155.050631 -11565.435822 -21396.562458    369.403379  3  5  5  87       
PG09 -24260.931405   6198.980611   8874.424016    697.707724  5  4  1  58       
PG10  10977.436549 -18638.376008 -14895.950453   -548.465884  1  5  3  54       
PG11   4305.316703  18779.753173  18379.900841   -236.866929  5  5  3  78       
PG12  11005.469921  15506.818602  18257.741945   -603.855695  3  2  3  89       
PG13  11624.481852  16768.651536  16916.327722    431.255307  8  9  5  85       
PG14 -13194.696390  15599.282457 -16687.961986    750.205009  2  5  1  65       
PG15  12707.889344  10008.348573 -21632.463692    437.912518  5  7  5  80       
PG16   -189.269467 -25852.700609  -5382.594155    318.938369  5  2  4  76       
PG17 -22802.638910  13354.097317   4272.301305   -190.474158  5  5  4  65       
PG18  21980.967848   2665.456097 -14823.054721   -276.260063  5  7  6  52       
PG19 -14579.334788  16553.040811  14336.903448    704.710452  7  5  4  48       
PG20   1997.755545  15732.954026 -21247.221167    264.864621  5  8  4  68       
PG21  -2516.776924  26404.814016    877.068477    380.021456  4  6  4  75       
PG22 -10783.826122  21794.696272 -10734.289716     61.753454  4  3  4  73       
PG23  14150.307929  -7244.565653 -21136.185414    680.893331  4  4  4  59       
PG24  20243.583552  16128.864592  -7290.715616    168.691842  5  4  5  70       
PG25  15223.689123   2543.738265  21238.052709    396.354511  3  3  2 100       
PG26   3866.663799 -25079.641309   6841.216730   -389.611556  2  5  4  57       
PG27   1677.206341 -17335.527924 -20303.450981      0.499218  5  4  6  78       
PG28  10458.683438 -11275.006468  21659.230245   -438.023995  2  4  4  80       
PG29  24483.525743  -2578.725692  10158.990633   -259.198348  2  4  5  61       
PG30 -15501.609407   7618.780990 -20028.764608    335.786487  4  3  4  83       
PG31    555.870556 -16871.480657  20134.443705   -126.945592  3  4  4  81       
PG32  18933.313434 -16509.384142   8617.493554    225.569517  1  1  4  75       
*  2026  8 19 22  0  0.00000000
PG01 -21074.300259 -16046.469206  -2543.770226    192.835330  7  7  5  33       
PG02 -17900.265049 -16451.239799 -11028.277969    160.293056  6  6  5  86       
PG03 -11424.593868 -15952.430488  17735.121581    314.011395  2  3  3  57       
PG04 -18187.568353  -4756.385701  18864.213509     64.206476  4  3  5  82       
PG05   6397.403730  24714.822808  -7460.450785   -236.119414  4  6  3  64       
PG06 -10333.026493  10821.254662  22021.309021   -546.604372  3  4  4  67       
PG07 -24019.923649  -5426.676928  -9792.314970   -217.056343  7  4  2  80       
PG08  -9099.555216 -12846.036517 -21596.537158    369.394482  4  4  5  85       
PG09 -23355.242335   5427.421383  11408.310924    697.700396  5  4  1  90       
PG10  11046.733027 -16760.956001 -16931.746523   -548.460056  1  5  3  62       
PG11   2435.501196  17676.946960  19761.130735   -236.855947  5  4  3  71       
PG12  10659.963949  17528.763956  16581.771825   -603.854970  3  1  3  83       
PG13  11478.272777  18610.547195  14986.193410    431.259693  8  9  6  88       
PG14 -13324.054786  13555.416744 -18311.110426    750.204993  3  5  1  71       
PG15  10872.025837  11517.966547 -21885.689998    437.915074  4  7  5  89       
PG16    143.614056 -26235.603318  -2556.669956    318.944242  5  2  4  64       
PG17 -23164.909401  13260.979517   1465.671764   -190.478897  5  5  4  43       
PG18  23218.766159   3637.978942 -12595.075800   -276.252019  6  7  6  41       
PG19 -16090.286223  16928.352604  12061.096200    704.710556  7  5  4  74       
PG20   -111.959024  16874.646678 -20453.489255    264.873703  5  7  4  79       
PG21  -2752.729570  26132.036715   3726.655907    380.015121  4  5  4  68       
PG22 -10838.227089  20381.740128 -13094.377833     61.761259  4  3  4  81       
PG23  14196.292922  -4771.554855 -21820.370440    680.896667  4  4  4  63       
PG24  19310.046410  15990.115149  -9846.213521    168.707991  6  5  6  87       
PG25  15201.496143   5035.951972  20834.919850    396.351509  4  3  3 113       
PG26   4303.465871 -24135.972299   9434.868196   -389.613187  2  5  4  65       
PG27   3648.916723 -18316.242273 -19088.699866      0.498760  5  4  6  78       
PG28  12563.389310 -10023.862557  21151.940531   -438.014318  3  3  4  77       
PG29  23390.535625  -1844.339590  12581.424091   -259.191536  2  4  4  66       
PG30 -17397.381495   6364.264002 -18912.320599    335.797791  5  3  4  78       
PG31   2647.427154 -15649.876250  20952.390438   -126.943286  2  4  4  72       
PG32  19741.257641 -16704.938570   5896.299690    225.586859  1  1  4  69       
*  2026  8 19 22 15  0.00000000
PG01 -20558.110222 -16029.222473  -5339.349464    192.827002  7  7  5  70       
PG02 -16512.004658 -16075.909450 -13362.272393    160.299469  6  6  5  84       
PG03 -11375.516052 -17902.256391  15834.126567    313.993423  1  3  3  61       
PG04 -16319.467813  -5958.571631  20171.485193     64.206890  4  3  5  82       
PG05   6270.738798  25401.682975  -4674.256383   -236.119865  3  5  4  78       
PG06 -12477.667254   9602.314001  21480.705595   -546.595444  3  4  4  73       
PG07 -24834.250545  -6122.916818  -7206.308394   -217.059498  8  4  2  82       
PG08  -7104.531273 -14230.852544 -21431.726310    369.385526  4  4  6  87       
PG09 -22261.941550   4454.246940  13745.692844    697.693101  4  4  1  82       
PG10  11227.258120 -14673.322733 -18666.133174   -548.454160  1  6  3  64       
PG11    391.585764  16605.093315  20804.805032   -236.845043  5  4  3  84       
PG12  10425.814694  19355.963538  14614.533745   -603.854627  3  1  3  90       
PG13  11409.608197  20224.084787  12796.641043    431.264069  9  8  6  77       
PG14 -13555.702445  11355.569414 -19613.147336    750.204914  3  5  1  83       
PG15   9109.771016  13125.036603 -21781.014914    437.917904  4  7  5  68       
PG16    444.461750 -26310.565208    314.219611    318.950525  5  2  3  79       
PG17 -23256.530657  13030.614152  -1365.666549   -190.483107  5  5  5  62       
PG18  24275.908999   4413.376923 -10152.843222   -276.244002  6  7  6  77       
PG19 -17338.169673  17256.907060   9571.180074    704.710719  8  5  4  55       
PG20  -2067.019604  18063.924563 -19306.062046    264.882801  4  7  4  73       
PG21  -3008.984394  25552.658429   6511.954431    380.008782  5  5  4  60       
PG22 -10954.409735  18715.691449 -15228.554394     61.769138  3  3  4  79       
PG23  14384.336483  -2251.349046 -22125.082722    680.900010  5  5  3  61       
PG24  18118.586567  15795.622018 -12239.244662    168.724144  6  5  6  78       
PG25  15297.119344   7455.460660  20061.643428    396.348485  4  3  3 109       
PG26   4823.469853 -22929.186084  11860.690378   -389.614814  2  5  4  60       
PG27   5444.473858 -19312.883689 -17550.808847      0.498584  5  3  6  83       
PG28  14660.648924  -8919.420290  20280.905065   -438.004633  4  4  4  69       
PG29  22106.346871   -930.103709  14788.858646   -259.185171  3  4  4  66       
PG30 -19219.655581   5270.742869 -17467.227160    335.809133  6  3  4  86       
PG31   4859.179749 -14500.287689  21398.429884   -126.940424  1  4  3  74       
PG32  20275.309115 -16771.536933   3073.237737    225.604238  2  2  4  72       
*  2026  8 19 22 30  0.00000000
PG01 -19767.921710 -15892.108899  -8043.541528    192.818577  7  6  5  73       
PG02 -14863.101864 -15694.780132 -15468.289111    160.305901  6  6  5  82       
PG03 -11418.249192 -19617.888644  13657.812257    313.975416  1  3  3  60       
PG04 -14411.686364  -7332.599216  21134.052677     64.207331  3  2  5  71       
PG05   6133.122743  25778.352063  -1807.792437   -236.119847  3  5  4  74       
PG06 -14612.598996   8541.872306  20573.505190   -546.586547  3  4  5  69       
PG07 -25408.448398  -6648.939083  -4496.395793   -217.062643  8  4  4  92       
PG08  -5206.458209 -15691.101180 -20903.454348    369.376590  4  4  6  80       
PG09 -21021.754104   3269.958468  15845.971352    697.685827  4  4  1  74       
PG10  11541.355068 -12419.877738 -20068.351934   -548.448328  1  6  2  54       
PG11  -1793.940296  15598.558854  21492.966212   -236.834153  6  4  4  81       
PG12  10278.552867  20951.896409  12391.166920   -603.853919  3  1  4  77       
PG13  11387.559685  21580.258994  10385.684166    431.268465  9  8  6  77       
PG14 -13904.603607   9043.678458 -20571.843765    750.204804  3  5  1  80       
PG15   7453.101713  14798.297983 -21320.017632    437.920743  3  7  5  82       
PG16    750.042082 -26072.466776   3179.506781    318.956183  5  2  3  76       
PG17 -23094.802444  12630.501936  -4173.809923   -190.487717  5  5  5  52       
PG18  25114.874016   5008.130137  -7538.218476   -276.235947  6  7  6  84       
PG19 -18314.341162  17498.508311   6911.013063    704.710989  8  5  4  71       
PG20  -3838.218268  19263.182407 -17824.905870    264.891837  5  7  4  83       
PG21  -3321.696951  24679.293287   9184.927051    380.002475  6  5  4  69       
PG22 -11161.289880  16826.705329 -17098.809010     61.776806  3  4  4  88       
PG23  14715.339909    264.191428 -22045.897784    680.903331  5  5  3  76       
PG24  16680.137546  15582.065095 -14431.175707    168.740151  6  5  7  76       
PG25  15497.519000   9755.442824  18933.114672    396.345466  4  3  3 102       
PG26   5452.292498 -21487.867817  14075.367702   -389.616425  2  5  4  62       
PG27   7041.143729 -20286.450231 -15714.233328      0.498775  5  3  6  85       
PG28  16703.458687  -7971.900172  19061.156891   -437.994949  5  4  4  71       
PG29  20671.335665    174.769341  16743.293088   -259.178741  3  3  4  67       
PG30 -20924.277759   4340.251259 -15719.506206    335.820457  6  3  3  85       
PG31   7150.121516 -13451.768928  21465.331444   -126.937968  1  4  3  80       
PG32  20546.629760 -16671.975704    196.898189    225.621589  2  3  4  73       
*  2026  8 19 22 45  0.00000000
PG01 -18700.586268 -15673.087964 -10610.049748    192.810231  7  6  5  91       
PG02 -12974.560326 -15343.837367 -17308.669564    160.312564  6  6  5  68       
PG03 -11519.857678 -21067.768724  11244.592024    313.957469  1  4  3  51       
PG04 -12509.915400  -8862.925517  21735.014598     64.207763  3  3  4  86       
PG05   5945.212259  25843.044842   1089.772688   -236.119822  2  4  4  89       
PG06 -16689.311631   7649.156459  19315.509039   -546.577631  4  4  5  63       
PG07 -25718.059753  -7032.049444  -1709.772358   -217.065639  9  4  5  75       
PG08  -3436.670134 -17192.317390 -20019.157732    369.367666  5  4  6  65       
PG09 -19678.083034   1873.379465  17672.538567    697.678525  4  4  1  84       
PG10  12003.536221 -10049.789273 -21113.783546   -548.442441  2  6  2  59       
PG11  -4082.589399  14686.188130  21813.674962   -236.823284  6  4  5  84       
PG12  10188.251042  22286.930381   9951.197518   -603.852887  3  1  4  73       
PG13  11377.304867  22657.797374   7795.143125    431.272875  9  8  6  76       
PG14 -14378.295733   6666.549037 -21171.153638    750.204793  3  5  2  89       
PG15   5928.210107  16501.643837 -20509.818366    437.923562  2  6  5  72       
PG16   1097.077415 -25525.443782   5988.243057    318.962575  5  2  3  65       
PG17 -22704.083680  12033.020181  -6910.812001   -190.492543  5  5  5  74       
PG18  25703.489466   5445.616248  -4795.802148   -276.227885  6  7  6  92       
PG19 -19019.170218  17613.753666   4127.737991    704.711181  8  5  5  52       
PG20  -5403.935686  20431.384009 -16035.760976    264.900886  5  7  5  77       
PG21  -3724.085011  23532.943561  11699.492997    379.996166  6  5  4  44       
PG22 -11482.190914  14751.584032 -18671.416223     61.784813  2  5  4  85       
PG23  15181.618827   2723.912977 -21585.109899    680.906708  5  5  3  63       
PG24  15012.927953  15384.208890 -16386.816518    168.756203  6  5  7  82       
PG25  15782.514417  11893.219372  17470.565010    396.342470  4  3  3 103       
PG26   6209.940417 -19847.039454  16039.425580   -389.618048  2  5  4  67       
PG27   8423.679717 -21195.477329 -13608.752954      0.499401  5  2  6  87       
PG28  18644.720048  -7183.303372  17513.712591   -437.985229  5  5  5  87       
PG29  19128.721205   1473.089027  18410.945863   -259.172419  4  4  4  75       
PG30 -22469.100078   3566.925978 -13700.282421    335.831804  7  4  3  83       
PG31   9475.028822 -12526.396948  21152.787289   -126.934962  1  3  4  85       
PG32  20574.419236 -16373.254075  -2682.841804    225.638943  2  3  4  57       
*  2026  8 19 23  0  0.00000000
PG01 -17361.534785 -15410.997286 -12994.910428    192.801884  7  6  6  68       
PG02 -10875.337281 -15055.447304 -18849.841939    160.318822  6  6  4  84       
PG03 -11643.063723 -22228.605008   8636.819811    313.939427  1  4  3  51       
PG04 -10657.264266 -10526.087721  21963.583564     64.208180  3  3  4  56       
PG05   5668.691450  25603.098741   3968.522662   -236.120311  2  4  4  68       
PG06 -18659.407643   6924.830991  17728.413203   -546.568829  4  4  6  76       
PG07 -25745.908355  -7304.209102   1105.828606   -217.068726  9  3  6  79       
PG08  -1820.293839 -18695.524804 -18792.368049    369.358729  5  4  6  76       
PG09 -18275.348521    271.927546  19193.438470    697.671231  4  4  1  92       
PG10  12619.792614  -7615.172566 -21784.404623   -548.436548  2  6  2  66       
PG11  -6431.148216  13890.235533  21761.221631   -236.812394  6  4  6  82       
PG12  10120.888877  23339.314971   7337.770569   -603.852579  3  1  4  67       
PG13  11341.641011  23443.844167   5069.902813    431.277279  9  7  7  53       
PG14 -14976.530940   4272.186795 -21401.456344    750.204712  4  5  2  82       
PG15   4554.690216  18195.304314 -19363.006740    437.926444  2  6  6  80       
PG16   1520.541563 -24682.824170   8690.089131    318.968296  4  3  2  61       
PG17 -22114.844846  11216.703723  -9529.479008   -190.496642  5  5  5  81       
PG18  26016.136895   5755.008348  -1972.193555   -276.219829  6  6  6  81       
PG19 -19461.878571  17565.765580   1270.874055    704.711361  7  5  5  53       
PG20  -6750.771190  21525.636610 -13969.682048    264.909896  5  6  5  64       
PG21  -4244.946445  22142.237625  14012.326727    379.989835  6  5  4  52       
PG22 -11933.738652  12532.546542 -19917.619928     61.792525  2  5  4  82       
PG23  15767.222062   5079.154688 -20751.627785    680.910097  6  5  3  65       
PG24  13141.923211  15233.554958 -18074.863031    168.772185  6  5  7  82       
PG25  16125.698283  13831.718388  15701.071783    396.339474  4  3  4 107       
PG26   7109.799402 -18046.840081  17718.006751   -389.619649  3  5  4  81       
PG27   9584.789737 -21997.616666 -11269.086925      0.499051  6  2  6  86       
PG28  20438.920156  -6547.485839  15665.209583   -437.975560  6  6  5  81       
PG29  17522.962784   2959.365105  19762.845611   -259.166229  4  4  3  64       
PG30 -23815.502391   2937.464870 -11445.177048    335.843175  7  3  2  76       
PG31  11786.094932 -11738.504531  20467.355702   -126.932428  2  3  4  81       
PG32  20385.085147 -15848.059595  -5515.700609    225.656286  3  4  4  74       
*  2026  8 19 23 15  0.00000000
PG01 -15764.724473 -15143.931718 -15157.235693    192.793605  8  5  5  71       
PG02  -8601.509824 -14856.962095 -20063.022045    160.325253  5  6  4  77       
PG03 -11747.864792 -23086.096636   5880.005147    313.921381  1  5  3  76       
PG04  -8892.725885 -12291.430158  21815.301337     64.208612  4  3  5  65       
PG05   5267.959438  25074.683505   6778.655333   -236.120433  3  4  4  74       
PG06 -20476.313052   6361.129375  15839.432846   -546.559910  5  4  6  53       
PG07 -25482.664217  -7500.562925   3902.928298   -217.071800  9  3  6  78       
PG08   -375.413520 -20158.607707 -17242.594360    369.349767  6  4  6  78       
PG09 -16857.293124  -1518.449583  20381.952139    697.663966  3  4  1  89       
PG10  13387.271380  -5169.162975 -22069.097657   -548.430668  2  6  2  63       
PG11  -8793.135644  13225.559124  21336.237077   -236.801511  6  4  6  76       
PG12  10039.877402  24095.861803   4596.827760   -603.851510  4  1  4  74       
PG13  11242.596648  23934.324613   2257.119222    431.281712  9  7  7  76       
PG14 -15691.242791   1908.101277 -21259.672347    750.204682  4  5  2  76       
PG15   3344.955386  19837.172296 -17897.510389    437.929132  3  6  6  63       
PG16   2052.007210 -23566.693112  11236.322616    318.974431  4  3  2  70       
PG17 -21362.484270  10167.317601 -11984.183368   -190.501428  5  5  5  71       
PG18  26034.716176   5969.963111    884.771077   -276.211772  6  6  5  61       
PG19 -19660.016390  17321.835409  -1608.652102    704.711602  7  6  6  45       
PG20  -7873.850796  22502.848562 -11662.486224    264.918965  5  6  6  72       
PG21  -4907.353782  20542.384891  16083.607201    379.983546  7  5  4  67       
PG22 -12525.017820  10215.772885 -20814.244579     61.800538  2  6  3  83       
PG23  16448.583426   7285.421619 -19560.754056    680.913426  6  5  3  71       
PG24  11098.047547  15157.130507 -19468.286099    168.788088  6  6  7  80       
PG25  16495.604934  15540.697280  13656.958256    396.336479  5  4  4 105       
PG26   8157.906715 -16131.006014  19081.545677   -389.621151  3  5  4  79       
PG27  10525.306303 -22651.293161  -8734.405359      0.499109  6  2  7  96       
PG28  22043.761029  -6050.554883  13547.447968   -437.965884  6  7  5  85       
PG29  15898.115470   4619.805921  20775.347339   -259.159148  4  4  3  72       
PG30 -24929.773838   2431.873959  -8993.636959    335.854541  8  4  2  85       
PG31  14034.661198 -11094.248579  19422.263091   -126.929588  3  3  4  80       
PG32  20011.126233 -15076.052967  -8251.905957    225.673683  3  5  4  74       
*  2026  8 19 23 30  0.00000000
PG01 -13932.268224 -14907.659931 -17059.906504    192.785325  8  5  5  68       
PG02  -6195.147542 -14769.504547 -20924.859969    160.331388  5  6  4  86       
PG03 -11793.251587 -23635.310802   3021.987294    313.903354  2  5  3  81       
PG04  -7249.802948 -14122.119143  21292.150909     64.209007  4  4  5  82       
PG05   4711.727018  24282.177039   9471.357401   -236.120498  3  4  5  84       
PG06 -22096.925716   5942.311496  13680.841207   -546.551017  5  4  6  52       
PG07 -24927.118709  -7657.892645   6635.042153   -217.075085  9  4  7  84       
PG08    887.500954 -21537.837490 -15395.098979    369.340820  6  4  6  76       
PG09 -15465.319553  -3473.674789  21217.094491    697.656683  3  4  2  81       
PG10  14294.332336  -2763.965355 -21963.809464   -548.424803  2  6  2  46       
PG11 -11120.392628  12699.107485  20545.700210   -236.790600  6  4  7  82       
PG12   9907.677443  24552.290415   1776.250777   -603.850898  4  1  4  79       
PG13  11043.076899  24133.977129   -594.610089    431.286106  9  6  7  75       
PG14 -16506.835943   -380.352565 -20749.253626    750.204573  4  5  2  87       
PG15   2303.907784  21384.231215 -16136.401222    437.931893  3  5  6  68       
PG16   2718.118684 -22207.096949  13580.835978    318.980296  4  3  2  75       
PG17 -20485.947485   8878.674021 -14231.682367   -190.505821  6  6  5  75       
PG18  25749.339625   6127.149232   3726.791443   -276.203754  6  5  4  83       
PG19 -19638.598096  16854.905480  -4459.510271    704.711727  7  6  6  69       
PG20  -8776.802879  23321.405245  -9154.119239    264.927967  5  5  6  73       
PG21  -5727.576869  18773.888588  17877.704263    379.977162  7  5  4  82       
PG22 -13257.031774   7849.776954 -21344.214682     61.807973  2  6  3  93       
PG23  17195.476406   9303.882682 -18033.856830    680.916793  6  4  3  66       
PG24   8917.213611  15176.449365 -20544.668317    168.804049  5  6  6  68       
PG25  16857.077851  16997.678039  11375.107913    396.333396  5  4  5  99       
PG26   9352.538220 -14145.217087  20106.323960   -389.622775  3  4  4  76       
PG27  11254.044200 -23117.377752  -6047.736892      0.498908  6  2  7  85       
PG28  23421.675116  -5671.572116  11196.844679   -437.956215  7  8  5  84       
PG29  14296.206666   6432.640010  21430.564304   -259.152713  4  4  3  71       
PG30 -25784.303360   2024.469088  -6388.214237    335.865948  7  4  2  82       
PG31  16172.972349 -10591.526566  18037.074574   -126.927192  4  3  5  74       
PG32  19489.769528 -14044.894684 -10843.121581    225.691042  3  5  5  75       
*  2026  8 19 23 45  0.00000000
PG01 -11893.759366 -14734.139164 -18670.204679    192.777011  8  5  5  88       
PG02  -3702.925393 -14806.988644 -21418.011716    160.338170  6  6  4  90       
PG03 -11738.957375 -23880.704359    112.085501    313.885313  2  5  3  57       
PG04  -5755.347838 -15976.409871  20402.561234     64.209421  5  4  5  89       
PG05   3974.457432  23257.228253  11999.675375   -236.120784  4  4  5  82       
PG06 -23483.140524   5645.428709  11289.430566   -546.542098  5  4  6  67       
PG07 -24086.171696  -7813.053605   9257.360757   -217.078024  8  4  7  93       
PG08   1965.874098 -22789.498924 -13280.562668    369.331878  6  4  6  73       
PG09 -14136.926837  -5562.266143  21684.011543    697.649424  3  4  4  83       
PG10  15320.977443   -448.962603 -21471.558233   -548.418911  2  6  2  67       
PG11 -13364.745043  12309.719898  19402.840880   -236.779753  6  4  8  69       
PG12   9687.445017  24713.231842  -1075.010596   -603.850437  4  1  4  77       
PG13  10708.477231  24056.053895  -3436.095989    431.290480  9  5  7  54       
PG14 -17400.782867  -2551.529905 -19880.053719    750.204488  4  5  3  82       
PG15   1428.874252  22794.040556 -14107.636118    437.934769  4  5  6  69       
PG16   3539.261816 -20640.914752  15681.095513    318.986224  4  4  2  84       
PG17 -19526.198294   7353.153776 -16231.926274   -190.510928  6  6  5  76       
PG18  25158.731494   6264.671104   6505.876940   -276.195722  7  5  4  75       
PG19 -19428.936081  16144.823337  -7230.978462    704.712057  7  6  7  70       
PG20  -9471.404295  23942.797663  -6487.951702    264.937022  5  5  6  62       
PG21  -6714.275983  16881.066537  19363.790298    379.970811  7  5  4  85       
PG22 -14122.495414   5483.671055 -21496.965105     61.815896  2  6  3  84       
PG23  17972.230518  11102.638634 -16197.943469    680.920127  6  4  4  80       
PG24   6639.191506  15306.676053 -21286.490410    168.819918  5  6  6  76       
PG25  17172.775150  18188.565375   8896.213831    396.330347  5  4  5 106       
PG26  10684.127375 -12135.381294  20774.894031   -389.624358  4  4  4  79       
PG27  11787.342288 -23360.809554  -3255.276072      0.499188  6  3  7  83       
PG28  24541.169481  -5383.534918   8653.809110   -437.946558  7  8  5  79       
PG29  12755.695657   8368.751876  21716.706646   -259.146286  4  4  3  86       
PG30 -26358.537367   1685.088469  -3673.811157    335.877358  7  4  3  77       
PG31  18155.883364 -10220.237984  16337.246352   -126.924423  4  3  6  79       
PG32  18861.414222 -12750.965561 -13243.365878    225.708410  3  6  5  45       
EOF
